,no_5,tweet_id_5,waktu_5,tweet_5,keyword_5,buzzer_5,indicator_5,phrase_5
1,68166,1975948493371146389,08/10/2025 22.36,"ini perpustakaan SD lagi, SD seluruh Indonesia, perpustakaannya pada rusak, terus pmrenta lo malah ngasih MBG yg bikin keracunan makanan bjir. Mana pemberitaannya yang baru? Kok udah sepi?!",keracunan mbg,0,,
2,13164,1918971274803462523,04/05/2025 17:09:00,"Kebijakan MBG (Makan Beracun Gratis) untuk siswa adalah kebijakan buang duit negara. Karena anak2 sekolah di SD, SMP, SMA adalah anak2 yg mayoritas ortunya mampu siapkan makanan bergizi. Harusnya pemerintah bekerja taktis agar daya beli rakyat meningkat.",makanan bergizi gratis,0,,
3,13177,1918679321180594605,03/05/2025 21:49:00,"Kalau dah gini ceritanya. MBG bukan lagi singkatan dari Makanan Bergizi Gratis tapi singkatan dari Makanan Beracun Gratis, bukannya ngasih gizi malah ngasih racun ke anak-anak.",makanan bergizi gratis,0,,
4,65,1890422946205782315,14/02/2025 22:28:00,"Hahaha bungul dah, efisiensi buat makan siang gratis bukannya pendidikan gratis. Mbg akan habiskan 800 miliar sehari. Bungul.",makan siang gratis,0,,
5,77,1890418203760767251,14/02/2025 22:09:00,"Dikasih makan siang gratis tapi anggaran pendidikanya di pangkas ,kira kira yang buat kebijakan pinter atau bodoh ya.
 
 https://cnbcindonesia.com/news/20250213130841-4-610364/daftar-kementerian-lembaga-yang-sudah-tuntaskan-pemangkasan-anggaran…",makan siang gratis,0,,
6,81,1890414361375551776,14/02/2025 21:54:00,orang gila mana yg udh ditawarin kemudahan belajar sampe perguran tinggi buat support masa depan dan memajukan generasi muda negara ini dan malah pilih makan siang gratis 👏👏👏,makan siang gratis,0,,
7,84,1890412763127701807,14/02/2025 21:48:00,Batal kan makan siang gratis!!!!!!!,makan siang gratis,0,,
8,85,1890412426769641964,14/02/2025 21:46:00,Dikasih kemudahan akses untuk pendidikan malah milih makan siang gratis,makan siang gratis,0,,
9,89,1890409944488309012,14/02/2025 21:37:00,"Minang emng SDM nya tinggi,ga gampang terolok2 program ini itu,padhal itu ladang banget buat para koruptor,kan bisa yang lebih baik buat pendidikan,di Indonesia yang lulusan sarjana itu masih dikit loh pak,makan siang gratis sebikin birahi itu kah?",makan siang gratis,0,,
10,91,1890408065087803437,14/02/2025 21:29:00,"efisiensi anggaran katanya katanya,buat makan siang gratis katanya katanya wo wo prawowo🙃",makan siang gratis,0,,
11,97,1890404192814043329,14/02/2025 21:14:00,Gak yg ada namanya “makan siang gratis”. Tuh byk budget cutting kan. Dibt take anything from politicians for fckn granted,makan siang gratis,0,,
12,102,1890399138178609500,14/02/2025 20:54:00,"Kalo gini mending anak2 bawa bekal dari rumah aja, gosah makan siang gratis.
 Mana kadang anak kecil juga rewel kalo GK cocok menunya.🥲",makan siang gratis,0,,
13,105,1890397777068183980,14/02/2025 20:48:00,Soalnya sekarang kemakan makan siang gratis kan dananya.,makan siang gratis,0,,
14,106,1890397749998158331,14/02/2025 20:48:00,"stop saying ""siapapun presidennya bakalan kesusahan karena apbn tekor"" CAPRES LAIN GA ADA OMON2 MAKAN SIANG GRATIS ANJGGGGGGGGG, yg bikin negara miskin tambah miskin ya udh gapunya duit masih sok2an ngasih gratis, udh kabinet gembrot kang ngibul kang korup",makan siang gratis,0,,
15,108,1890395697456759040,14/02/2025 20:40:00,Lebih sehat makanan marmut daripada makan siang gratis,makan siang gratis,0,,
16,111,1890393783591661841,14/02/2025 20:32:00,"bayangin aja kalo rakyatnya bener2 dungu. apa bakal koar2 ribut di sosmed kaya kemarin?🥱 keliatan kan kenapa proker utamanya, makan siang gratis🙄",makan siang gratis,0,,
17,114,1890391629552386186,14/02/2025 20:24:00,"Gw masih gak paham kenapa prabowo dan jajarannya kepikiran milih program makan siang gratis🤣 mungkin demi elektabilitas pilpres, rakyat jadi fokus dengan ""GRATIS"" dan terbukti banyak yg milih juga karna itu",makan siang gratis,0,,
18,115,1890391124994412754,14/02/2025 20:22:00,"Gw sih gak butuh2 amat makan siang gratis🤣 gw gak butuh yg gratis2, gw berharap pemerintah bener2 fokus ama pendidikan dan ekonomi (2 hal itu kalau udah bagus) ini rakyat juga mampu beli makan bergizi tanpa perlu embel2 gratis",makan siang gratis,0,,
19,121,1890387381473177762,14/02/2025 20:07:00,ya gimana ya??? dikasih 1 keluarga 1 sarjana malah pada milih makan siang gratis sih..,makan siang gratis,0,,
20,122,1890386849685709250,14/02/2025 20:05:00,"Yang kedua kan dicekokin joget sama persona diri, bukan proker luar biasa. Malah gembar-gembor makan siang gratis, hilirisasi jiakhhh fair aja kalau bandingin tiap sektor ky ekonomi, pendidikan, dsb dr tiap paslon,,, paslon ganjil lebih unggul",makan siang gratis,0,,
21,123,1890384302573052091,14/02/2025 19:55:00,"Pejabat Nggk Butuh Makan Siang Gratis..mereka butuh Makan Enak Gratis , Rmh Mewah Gratis , Mobil Sport Gratis hingga Ewe' Cewek Bahenol Gratis 😂🤣..pelesir Luar Negeri Gratis..",makan siang gratis,0,,
22,125,1890383490006274186,14/02/2025 19:52:00,"Meliruskan,..Pendidikan lebih penting dr pada makan siang gratis",makan siang gratis,0,,
23,130,1890381787416744165,14/02/2025 19:45:00,"salah satu penghasilan keluargaku kan dari katering snack dan makan siang buat SD, kalau ada makan siang gratis, dapet duit dari mana? terus guru di SD makan dari mana? terus nasib ibu dapur gimana?😞",makan siang gratis,0,,
24,131,1890381636157517977,14/02/2025 19:44:00,"Kenapa semua anak mesti makan siang gratis? Ga bisa kah,di pilah2, mana yg memang membutuhkan,mana yg tidak,jujur aja,dirumah masih bisa istri masak yg lebih baik,bagi yg ga bisa boleh di bantu sama pemerintah.jadi dana nya bisa lebih dihemat,bukan di ...",makan siang gratis,0,,
25,134,1890379333342019998,14/02/2025 19:35:00,"Makan siang gratis juga menunya jauh dari kata bergizi. Porsinya cuma buat ngelitikin lambung doang. Mohon maaf bukannya ga bersyukur, tapi ini program dipaksain banget gara2 malu, kadung koar2 pas kampanye. Sialan.",makan siang gratis,0,,
26,137,1890377283317256344,14/02/2025 19:27:00,Temen u kalo mau apatis sekalian itu milih yg bakal nguntungin diri sendiri (Imo) 🤣 urgensinya apa mahasiswa milih makan siang gratis wkwk,makan siang gratis,0,,
27,138,1890375222949228795,14/02/2025 19:19:00,"lek pengen isok makan siang gratis lapo ga nggawe program semua jenis sayuran semua jenis daging semua sembako diharga murahkan di baguskan kualitasnya, mulai dari gaji umr yang di settle dengan baik, korupsi yang dihukum seberat beratnya, ini lebih masuk kntol",makan siang gratis,0,,
28,140,1890371159910174967,14/02/2025 19:03:00,Diliat dari sisi manapun makan siang gratis ini jelek. Alasan buat stunting? Lo pikir cuma karena makan siang gratis jadi gak stunting? Emang kebutuhan makan anak cuma 1x? Kocak,makan siang gratis,0,,
29,146,1890367019960168835,14/02/2025 18:46:00,"yakaan, makan siang gratis jg udh jangka pendek, makan biaya gede, mending biaya gede itu alokasiin ke pendidikan yg jangka panjang😭 ya Allah indonesia.... ada capres yg ngadain kesetaraan pendidikan dan 1 keluarga 1 sarjana pdhl, eh yg dipilih malah makan gratis...",makan siang gratis,0,,
30,147,1890366158496268401,14/02/2025 18:43:00,"Makan siang gratis tapi pendidikan nya acak2an, kelaz pake zet!",makan siang gratis,0,,
31,150,1890365287733637477,14/02/2025 18:39:00,"Bukankah pendidikan itu investasi masa depan bangsa, kalau makan gratis to cuma siang malam dan paginya gimana",makan siang gratis,0,,
32,151,1890364005639684361,14/02/2025 18:34:00,"Ngga masuk nalar banget sumpah 😭 i mean kek makan siang gratis cuman berlaku buat mereka siswa sd-sma, yang kuliah kek dianggurin. Knp ngga pilih yg punya program buat ngebenahin pendidikan di indo sih 😭 kalo pendidikan itu pasti mencangkup semua gitu 🥹capek banget perasaan",makan siang gratis,0,,
33,153,1890362466476978490,14/02/2025 18:28:00,"Gak perlu lah ada MBG kalo harus pangkas dana pendidikan. Buat apa ada makan siang gratis kalo ujung-ujungnya banyak yg kehilangan kesempatan buat sekolah. Toh anak jalanan banyak yg gak sekolah, mereka gak dpt makan siang gratis kan?",makan siang gratis,0,,
34,155,1890362063354044718,14/02/2025 18:26:00,"Percuma waktu disekolah dapet makan siang gratis, tapi kalo udah lulus gak bisa dapet beasiswa karena adanya Efisiensi anggaran yg bikin gak bisa ngurus KIP buat yg kurang mampu, dan yg udh kuliah terancam putus kuliahnya karena dana beasiswanya disetop. Jadi sekarang gimana?",makan siang gratis,0,,
35,161,1890357675206078775,14/02/2025 18:09:00,"Jends! Probowo kenapa ya bersikukuh nerapin makan siang gratis tapi malah motong angaran dimana"" iya sih visi misinya tapi ya LIHAT KONDISI LAH 😭 gak asal motong dana buat pendidikan SICK",makan siang gratis,0,,
36,164,1890355929050140913,14/02/2025 18:02:00,Padahal udah keliatan dari koalisi kimplus segede bagong. Ya jelas bagi2 jabatannya bakal lebih banyak. Hasilnya beban apbn besar. Belum lagi soal makan siang gratis macen hajatan tiap hari itu juga beban apbn. Ditambah bayar utang juga ada di berita dari tahun 2023 akhir.,makan siang gratis,0,,
37,168,1890354709963104526,14/02/2025 17:57:00,"Siang anaknya makan gratis, malam dan paginya gatau makan apa. Ortunya kena efisiensi",makan siang gratis,0,,
38,175,1890349400121094280,14/02/2025 17:36:00,"Mending sesuai amanat UU Pendidikan 20% APBN harus diprioritaskan. alihin budget makan siang gratis ke pendidikan. Kabinet gemuk Prabowo juga harus dipangkas kayak Vietnam, soalnya berpotensi boros anggaran Rp39,55-158,21 triliun di 2025.",makan siang gratis,0,,
39,176,1890349397168259260,14/02/2025 17:36:00,"juga ada program populis kayak ibu kota Nusantara (Rp14,4 triliun) & makan siang gratis (Rp71 triliun) tetep jalan, padahal pelayanan publik terancam.",makan siang gratis,0,,
40,177,1890348610132308096,14/02/2025 17:33:00,"Halah pret ndobol, rakyat yang mana??? Temen kerjaku loh Pak milih sampeyan. Gemoy garis keras pada masanya. Eh baru tadi siang ngeluh, ""Aku dari kemarin nggak dapat gas."" ""Anakku nggak dapat makan gratis.""
 
 Terus tak sauri, ""jogetin aja Bu, OK GAS OK GAS."" WKWKWK PUAS",makan siang gratis,0,,
41,178,1890347901060083910,14/02/2025 17:30:00,"Demi makan siang gratis banyak anggaran yang harusnya diprioritaskan malah dikurangi.
 
 padahal makan siang is just yaudah makan doanggg ga bikin kemajuan signifikan terhadap pendidikan,
 juga gabikin anak2 lngsng pinter abis makan siang gratis😭",makan siang gratis,0,,
42,182,1890343086221390094,14/02/2025 17:11:00,"pemerintah: gapapa anak sulung putus kuliah, bapak diphk, ibu susah cari gas yang penting si bontot MAKAN SIANG GRATIS 😄",makan siang gratis,0,,
43,194,1890333980697714774,14/02/2025 16:35:00,"Untuk 1 anak makan siang gratis, keluarganya jadi tidak bisa makan 3 kali sehari",makan siang gratis,0,,
44,196,1890333344400900341,14/02/2025 16:32:00,"Anak- anak di sekolah dpt makan siang gratis setiap hari, akan tetapi tdk memiliki kesempatan untuk lanjut pendidikan. Perut kenyang, tapi masa depan terancam. Niat sekolah untuk memutus rantai kemiskinan, tapi 'terpaksa' merelakan harapannya demi makan siang.
 #PeringatanDarura",makan siang gratis,0,,
45,198,1890329966107132275,14/02/2025 16:19:00,"udh mah makan siang gratis ga merata di seluruh sekolah, makanannya juga kek gaenak, programnya keliatan gagal, eh malah mangkas anggaran negara yg penting anjer indonesia emas apanya ? pendidikan aja ga jadi prioritas",makan siang gratis,0,,
46,199,1890328727747215723,14/02/2025 16:14:00,"ga jelas jobdesc dllnya imo😭😭😭😭 mana pake embel2 langsung pns tapi ntar kalo misal si program makan siang gratis diapus, mau dikemanain 3000 orang yg udah lolos itu??😭",makan siang gratis,0,,
47,200,1890328453062205871,14/02/2025 16:13:00,Even di genshin makan siang gratis cuma ada di benteng meropide alias PENJARA. Kemakan janji manis tai ikan,makan siang gratis,0,,
48,202,1890327811132379267,14/02/2025 16:10:00,"Setuju banget pak. Anak bapak gak kuliah juga berarti nanti pak ya? Emang dosen tu phk aja semua kali ya, buat makan siang gratis anak-anak kita yg belajar dari AI 🥰🥰🥰",makan siang gratis,0,,
49,219,1890321929598562815,14/02/2025 15:47:00,sekolah GW NGADAIN PERCOBAAN MAKAN SIANG GRATIS... 😭😭😭😭 aint no fckin way GAK MAU GW MAKAN YA BYE TAKUT KERACUNAN,makan siang gratis,0,,
50,233,1890312829070188883,14/02/2025 15:11:00,"GOV FORBID ME TO LIVE IN THIS COUNTRY 😂 PADAHAL UDAH NIATIN TINGGAL DI SINI LHO... Makan siang gratis diunggulin HAH PEMIKIRAN PRIMITIF SEKALI! Temen temenku juga, gaji ortu mereka dipotong HINGGA LEBIH DARI 50% Gov really wants use to move countries...",makan siang gratis,0,,
51,236,1890311898807070727,14/02/2025 15:07:00,Gabakal tau???? Padahal jelas banget emang pendidikan bukan fokus utama merekaaaa. Fokus mereka bener bener makan siang gratis& susu gratissss. GAK BACA KAH????? GAK NONTON DEBAT??,makan siang gratis,0,,
52,237,1890311497491915113,14/02/2025 15:05:00,"Stop program makan siang gratis, gentle ngomong ke rakyat minta maaf program ini engga bisa diterusin karena negara ini engga punya uang. Warisan dari presiden sebelumnya itu hutang yang banyak. Kalo bikin janji tuh dipikir dulu, ada engga duitnya, mampu engga negara ini.",makan siang gratis,0,,
53,263,1890297309654909095,14/02/2025 14:09:00,Hanya demi ego malu seseorang. Padahal lebih wibawa kalau membatalkan dan mengaku negara masih belum mampu utk memberi makan siang gratis.,makan siang gratis,0,,
54,269,1890293826545488255,14/02/2025 13:55:00,"Kalo alasannya biar ga stunting, kasih pendidikan pada bumil dan ibu ibu baru, solusinya turunin harga bahan berkualitas, daging, ikan, udang dan kasih vitamin yg bagus di faskes 1 wajib untuk mrk... bukan makan pangkas anggaran trus dikasih makan siang gratis. Bodoh.",makan siang gratis,0,,
55,271,1890290874715894004,14/02/2025 13:43:00,"They don't have the capacity to explain themselves because they chose them based on pure unlogical faith. Berdasarkan kasian prabowo udh tua, gemoy, joget, kucing, makan siang gratis, fomo and etc. Apa itu visi dan misi? Yg penting joget. Yg penting ga jual agama, tp jual joget",makan siang gratis,0,,
56,290,1890280950262820956,14/02/2025 13:04:00,"Makan siang gratis tapi anggaran pendidikan dipangkas, presiden kok otaknya di silit.",makan siang gratis,0,,
57,298,1890279187761754386,14/02/2025 12:57:00,"di pelosok blm tentu dapet? sender percayalah, aku tinggal di tengah kota, adikku masih sekolah, dan mereka blm semua dpt makan siang gratis, aku ditengah kota bukn kabupaten atau bahkan pelosok,jd emg anjg aja dia nder, jngnkan di pelosok,sekolah daerahku aja gatau nasibnya gmn",makan siang gratis,0,,
58,304,1890278395814244676,14/02/2025 12:54:00,"1 orang siswa dapat makan siang gratis sementara di tempat lain 1 keluarga menatap piring kosong krn kepala keluarganya di PHK krn efisiensi anggaran.
 
 Yg tidak prioritas dijadikan prioritas, sekarang beralih ke pendidikan padahal indonesia krisis penyetaraan kualitas pendidikan?",makan siang gratis,0,,
59,308,1890272830912446910,14/02/2025 12:32:00,"Ada yg kehilangan pekerjaan, ada yg kehilangan beasiswa, ada yg susah makan karna gas langka. Segitu mahal ongkosnya, segitu banyak yg dikorbanin. Masih bisa bilang makan siang gratis?",makan siang gratis,0,,
60,309,1890272650678923678,14/02/2025 12:31:00,"dia bs bilang gt krn dia blm ada di fase ortunya kena phk, serumah gabisa makan krn ga kebagian gas, biaya hidup mahal. mungkin dia jg blm kuliah yg mana cm bisa ngandelin kipk dan beasiswa, ukt naik dan satu keluarga yg bisa makan cm adiknya dr makan siang yg ktnya gratis.",makan siang gratis,0,,
61,312,1890272327717572616,14/02/2025 12:30:00,sempit bgt pemikirannya kak makan siang gratis bisa jd solusi alternatif permasalahan siswa bolos😂 udah riset kah faktor siswa bolos itu apa aj? blm tentu jg makanan yg disajikan cocok dgn siswanya😩😩 ada2 aja temennya kak,makan siang gratis,0,,
62,314,1890271698068599009,14/02/2025 12:27:00,"gapapa goblok gapapa ga kuliah yang penting kenyang makan siang gratis, kapan lg makan gratis. MAKAN SIANG GRATIS, syum!",makan siang gratis,0,,
63,316,1890271475799847157,14/02/2025 12:26:00,"Emg dasarnya byk yg bodoh kok. Akses informasi ga sesulit jaman dulu, bpak2 tongkrongan & ibu"" tukang gosip dirumah punya tv yg bisa akses berita terkini. Kesadaran politik? Jelas 0. Paling bodoh lg kalo alasan ""makan siang gratis"" dan ""Gibran ganteng"" + ""jogetin aja""",makan siang gratis,0,,
64,319,1890270605779538403,14/02/2025 12:23:00,"Makan siang gratis ke anak sekolah buat cegah stunting? Ya udah telat tolol, stunting tuh bisa dicegah dengan pemberian nutrisi pada saat bayi masih saat masih janin sampe bayi usia 2 tahun. Coba cek, kayaknya temenmu termasuk stunting deh, soalnya susah buat mikir.",makan siang gratis,0,,
65,324,1890268476251742596,14/02/2025 12:14:00,"Harusnya timpalin juga ""demi makan gratis sang anak, beberapa tulang punggung sudah di rumahkan, jadinya sekeluarga ga bisa sarapan+makan malam, DEMI MAKAN SIANG SANG ANAK GRATIS""",makan siang gratis,0,,
66,328,1890267962604695731,14/02/2025 12:12:00,"Ya sudahlah hutang banyak, programnya makan siang gratis yang banyak makan anggaran, manfaatnya minimal. Ya tambah kacau",makan siang gratis,0,,
67,333,1890267079061958795,14/02/2025 12:09:00,"rasain lah, dikasih pilihan pemimpin yang dari pola pikirnya aja matang begini, kalian yang katanya ""silent majority"" itu nggak mau kan. sekarang ya nikmati aja makan siang gratis itu, pagi dan malamnya lapar ya lapar dah. bego sih, diajakin jadi pintar pun nggak mau kok.",makan siang gratis,0,,
68,339,1890265396328165477,14/02/2025 12:02:00,"Bikin 100 batalyon gw kira mau basmi OPM, ternyata mau kawal makan siang gratis dan ketahanan pangan,sementara subsidi pupuk, benih dan peralatan pertanian dipotong.. 😀😀😁",makan siang gratis,0,,
69,343,1890262160447848850,14/02/2025 11:49:00,"Demi makan siang gratis, segala financial buat kelas bawah dipangkas. Eh pejabatnya malah gk dipangkas.
 
 Enak ya pilihan lu gitu?",makan siang gratis,0,,
70,359,1890256998228455633,14/02/2025 11:29:00,"lebih baik mengakui kampanye ""Makan Siang Gratis"" hanya gimmick dari pada maksain bikin anggaran untuk program yang sudah sangat tidak jelas serta malah memangkas anggaran pendidikan dsb. Mau dibawa kemana arah masa depan bangsa ini?",makan siang gratis,0,,
71,361,1890256497361490125,14/02/2025 11:27:00,"Otaknyaaa ituuu makannnn gratissss ajaa, mauu disuapinnn muluu, ga mau ngerubah hidup yang bisa buat dia makan lebih baik dari pada makan siang gratis yang katanya BERGIZI itu",makan siang gratis,0,,
72,367,1890255416099238056,14/02/2025 11:23:00,"Serius ini otaknya di taro dimana? Iya emang makan gratis enak di sekolah tinggal hap. Tapi liat noh ortu pada lay off, dana pendidikan mahal. Tibang makan siang doang sampe ngorbanin segala hal, ini kebijakan tai sih menurut gue anjing ga ngotak. Yang masi nyebokin otaknya tolol",makan siang gratis,0,,
73,378,1890250843439657021,14/02/2025 11:04:00,"emak gue juga gini anjir, mana berani bgt ngomong ke org² yg kemaren milih 02.. kemaren gas langka juga juga dia ngomong ""lebok tah ku sia makan siang gratis"" 😭",makan siang gratis,0,,
74,380,1890250179460362455,14/02/2025 11:02:00,Sampai sekarang masih gak paham sama yang mengagung-agungkan program makan siang gratis. Kek... Mana mungkin gratis? Belanja bahan2 tuh gak pakai duit kah?,makan siang gratis,0,,
75,381,1890249219220599157,14/02/2025 10:58:00,"never understand kegunaan dari “Makan siang gratis” bagus si untuk anak anak yang kekurangan asupan gizi cuman sebenernya ga perlu karena menurut aku itu cuman menghabiskan pendapatan negara, why not use it for other uses? banyak kok yang bisa di manfaatin.",makan siang gratis,0,,
76,382,1890249190791663874,14/02/2025 10:58:00,"negara isinya koruptor, hukuman cuma sekian tahun, mafia tanah dimana-mana, tukang palak dari baju preman sampe baju resmi, biaya sekolah mahal, lebih mentingin makan siang gratis dari pada pendidikan murah! CRAZY..!!",makan siang gratis,0,,
77,383,1890248839975825621,14/02/2025 10:56:00,"Miris, tujuan makan siang gratis anak sekolah buat nyegah stunting, minimal riset dulu lah pencegahan nya itu harusnya mulai kapani, RIP negaraku",makan siang gratis,0,,
78,391,1890246469296570660,14/02/2025 10:47:00,"Saat program makan siang gratis diusahakan tapi anggaran pendidikan dipangkas adalah sebenar-benarnya definisi abis kenyang, bego.",makan siang gratis,0,,
79,392,1890246169600917966,14/02/2025 10:46:00,"denial bgt wkwkwkwkwk, udh mah tolol ya tolol aja jelas2 dri awal di jembrengin programnya apa aja, dikasi makan siang gratos dan disebut anggarannya berapa masih dipilih itu kan sama aja tolol wkwkwkwk ada program lain dri paslon lawan kasi pendidikan gratis di abaikan, dongo",makan siang gratis,0,,
80,394,1890245697238438370,14/02/2025 10:44:00,"Makan siang gratis, yang mau beli makan untuk keluarga terancam habis, oh iya lupa kan efisiensi, negara hemat rakyat juga hemat.",makan siang gratis,0,,
81,395,1890245661473534450,14/02/2025 10:44:00,"Mangkas biaya pendidikan buat makan siang gratis kah?? Biar kenyang tapi goblok gitu?? Ehh tapi klo ujung2nya ga bisa skolah, ttep aja ga dapet makan siang juga.. Hasil joget2 gemoy",makan siang gratis,0,,
82,398,1890244392927260871,14/02/2025 10:39:00,"1 anak makan siang gratis, 1 keluarga tidak makan malam. orang tua kehilangan pekerjaan karena efisiensi, kakaknya terancam tidak bisa kuliah.",makan siang gratis,0,,
83,403,1890242723996938270,14/02/2025 10:32:00,"Anaknya dpt makan siang gratis, sampai rumah bapak nganggur di pecat.
 
 Dari hati yg paling dalam, pak Prabowo tolong di tunda dulu makan siang gratisnya. Toh mereka jg sudah makan sedari dulu. Dananya untuk pendidikan dan kesehatan saja.",makan siang gratis,0,,
84,404,1890242438822027524,14/02/2025 10:31:00,pencegahan dan perbaikan stunting paling optimal itu pada usia kehamilan sampai usia pertumbuhan dan perkembangan balita 5 tahun. dari kaji kasus aja makan siang gratis ini salah sasaran kalau niatnya memang untuk penanggulangan stunting 🙃,makan siang gratis,0,,
85,405,1890242309532578270,14/02/2025 10:31:00,Kemakan dr gemoy2 itu keknya tanpa dibaca dan disimak apa aja visi misi tu 2 org kedepannya padahal ni kubu paling gjls dr makan siang aja udh aneh presiden tp program kerjanya ngasi makan siang gratis yg mana semua org bisa lakuin hasil tone deaf ini lu pada nyesel kan mampus,makan siang gratis,0,,
86,407,1890241830215954869,14/02/2025 10:29:00,"pernah ada kata2 lucu dari mantan kolegaku yg 02 voters ""makan siang gratis yg paling realistis karena kalo ga makan kita gabisa bertahan"" I WAS LIKE????? sekarang makan tuh makan siang gratis ckck",makan siang gratis,0,,
87,423,1890238544708501660,14/02/2025 10:16:00,"Makan siang gratis, eh malem nya ga makan. Mana cuma anak sekolah doang, anak² yg ga sekolah gimana? Ya kan mereka malah melihara kemiskinan🙃 pendidikan dan kesehatan tuh kek penting bgt kan harusnya",makan siang gratis,0,,
88,424,1890238134539153781,14/02/2025 10:14:00,Ga semua murid juga butuh makan siang gratis. Malah yg bawa bekal mungkin lebih bergizi dari yg gratis 10rb itu. Progam ini sepertinya hanya utk cari muka.,makan siang gratis,0,,
89,427,1890237269745045848,14/02/2025 10:10:00,"Efisiensi anggaran untuk suksesnya program makan siang gratis tidak prnah diucapkan saat kampanye. Kemudian beginilah adanya, semua kena imbasnya.
 Fokus hanya kepada makan siang (gratis), para pemilih tidak memikirkan dari mana uangnya, bagaimana caranya, bersihkah pengelolaannya",makan siang gratis,0,,
90,428,1890236382532210935,14/02/2025 10:07:00,ada yang siang makan gratis malemnya nggak makan karna bapaknya kena phk,makan siang gratis,0,,
91,429,1890236364198904184,14/02/2025 10:07:00,"HAHAHAHA RELATE. Ibuk gue dari awal coblosan jga udah misuh² wkwk dan 3 hari belakangan ini, bapak gue ikutan misuh jga anjeng karna tau dana istimewa DIY dipotong separo krna dampak makan siang gratis jdi usulan program kerjaan kantornya keganggu wkwkwk ril mumet",makan siang gratis,0,,
92,435,1890235312758223242,14/02/2025 10:03:00,SEHARUSNYA DARI DULU UDH NAIK. PENDIDIKAN NOMOR SATU. PENDIDIKAN YANG DIPERLUKAN BUKAN MAKAN SIANG GRATIS YANG TIDAK BERGUNA,makan siang gratis,0,,
93,441,1890232558530752887,14/02/2025 9:52:00,masa anaknya dapet makan siang gratis tapi orangtuanya ga punya gaji yang memadai kehidupan sehari2nya dan lo masih nganggep itu bagus TOLONG DONG PIKIR PLEASE LO PUNYA OTAK KENAPA GA DIPAKE,makan siang gratis,0,,
94,451,1890229897605550480,14/02/2025 9:41:00,"woi ak ngomong gini sama temenku dia malah bilang ""gabisa dibilang makan siang jadi ee ajaa itu berguna"" goblok, lu siang doang makan gratis malamnya juga butuh duit buat makan sendiri pukimakkk",makan siang gratis,0,,
95,454,1890228679026045039,14/02/2025 9:36:00,Obsesi nya terhadap MBG hingga mengorbankan efisiensi anggaran besar2an buat kementerian dan lain sebagainya is WILD. Anak2 dapat makan siang gratis di sekolah tapi saat makan malam orang tua mereka mendapat kehilangan pekerjaan. Fr ini sudah ga masuk akal!,makan siang gratis,0,,
96,457,1890225694862622809,14/02/2025 9:24:00,"Dri awal udh dibilang makan gratis cm bkal abisin anggaran sifatnya konsumtif dananya besar habis g tau kmna + gizi nya juga belum tentu ke kontrol. Disuruh ditimbang ulang dipikir baik, malah ngeyel mkn siang itu perlu iya perlu tap kalo biayai smua ank negara abis duitnya blok",makan siang gratis,0,,
97,460,1890224992870363421,14/02/2025 9:22:00,Modal dikasih subsidi listrik 2 bulan aja luluh! terus PPN 11% juga karna ada DPP nilai lain jadinya masih 11% palingan bentar lagi perhitungan DPP nilai lainnya diilangin. Terus lagi makan siang gratis buset dah gak liat itu lauk-lauknya lebih mirip nasi buat kucing?,makan siang gratis,0,,
98,461,1890224931306410278,14/02/2025 9:21:00,"aku ga terlalu mendalami terkait effisiensi di negara ini kann. tp senangkep aku tuh berarti imbas dari kebijakan ini tuh orang tua kena phk, kakak putus kuliah, demi adik makan siang gratis di sekolah gitu kann?",makan siang gratis,0,,
99,462,1890224726993486264,14/02/2025 9:21:00,"Baru kali ini marah, kesel, ga habis pikir sejadi jadinya sama presiden dan pemerintah negeri ini. Pikiran mangkas dana dari beasiswa pendidikan DEMI makan siang gratis tuh pasti pas lagi mabok kecubung ya?😭",makan siang gratis,0,,
100,463,1890224473711997329,14/02/2025 9:20:00,"Jepang waktu kalah perang, yg pertama kali di bangun pendidikanya, hasilnya liat aja skrg negaranya maju. lah indonesia skrg lebih pilih pangkas anggaran pendidikan dibanding makan siang gratis. fix pemerintah bukan mau cetak generasi emas,tapi mau bikin generasi kenyang bego",makan siang gratis,0,,
101,471,1890218715247177897,14/02/2025 8:57:00,"Phk di kementerian tuh masa dibilang gak hancur pak? Sampe ada slogan ""anaknya dikasih makan siang gratis, orang tuanya di phk""",makan siang gratis,0,,
102,473,1890218384249483530,14/02/2025 8:55:00,"Gw punya tetangga yg dia tuh ga punya anak sekolah. Trus pas si ono menang dia nanya ""kpn makan siang gratis?"" Trus dijawab lah itu kan program utk pelajar. Dia bereaksi ""ohh buat anak sekolah? Terus buat yg tua-tua apa atuh bantuannya?""
 
 See??? Silahkan menilai :) ",makan siang gratis,0,,
103,474,1890218050210918579,14/02/2025 8:54:00,"indonesia emas itu cuma wacana doang, kalo emg pemerintah serius sama indonesia emas, ga akan tuh pendidikan di nomor sekian giliran makan siang gratis jd prioritas 🤣
 lu pd cuma di bego begoin sama pemerintah, cm di ksh harapan palsu, pdhl mrk gada niatan mencerdaskan bangsa",makan siang gratis,0,,
104,478,1890216372707402018,14/02/2025 8:47:00,"Pemerintah, lo tangkap tuh semua koruptor & pakai uang mereka buat bayar makan siang gratis. Harvry korupsi 300T bs buat makan siang ampe gemoy deh beneran. Jgn uang pendidikan, kesehatan, layanan publik dipangkas. Ckck @prabowo @Gerindra ",makan siang gratis,0,,
105,479,1890216186312589400,14/02/2025 8:47:00,"Udh dibilang, makan gratis di ganti jadi tidur siang aja. lagian pendidikan penting banget buat anak bangsa, tpi kenapa malah dijadiin sekon cois 😔",makan siang gratis,0,,
106,480,1890216042691194964,14/02/2025 8:46:00,"Gw bahkan pernah nganggap kalo mereka bikin program makan siang gratis itu adalah candaan, krna gw langsung sadar itu hal yang sama sekali ga mungkin😭",makan siang gratis,0,,
107,488,1890212494767190304,14/02/2025 8:32:00,"sebenernya masih bisa diselamatin, kalau si bowo gak kemakan gengsiny untuk berhentiin makan siang gratis yang jadi prioritas dia, karena itu banyak makan anggaran karena sudah terlanjur jadi pakek pribahasa ""eloklah takalam di tapia sabalum takalam ditangah""",makan siang gratis,0,,
108,495,1890210600644669669,14/02/2025 8:25:00,"pengen bget ak jawap ""lah makan siang gratis kan hanya omong kosong, itu cmn imajinasi Wowo"" KAYA PLIS DEH??? kok Prabowo gk mikir ini pendanaan buat MBG gimana? bayar hutang gimana?? KAYA, APAAN SIH????",makan siang gratis,0,,
109,508,1890205288575406581,14/02/2025 8:03:00,"Sebenarnya kalau lo mau lebih kritis dikit, flagship program mereka yg makan siang gratis itu bener2 asbun dan ga feasible.
 Lo asumsinya 30% dr penduduk indo yg terima yaitu sekitar 84jt per hari. Dg harga makanan 15rb per pax. Sehari itu butuh 1.26T cuy! Abisin anggaran ga?",makan siang gratis,0,,
110,513,1890202720734441532,14/02/2025 7:53:00,"Kaaannn dari awal udah ada yg kampanyein 1 keluarga 1 sarjana, tapi pada pilih yg makan siang gratis, padahal salah satu alasan jadi negara yg kuat adalah pendidikan yg merata, soalnya kalau rakyat pinter ga bisa di bohongin sih, kalau kenyang kan beg* 🤭",makan siang gratis,0,,
111,517,1890200250058699019,14/02/2025 7:43:00,"lah orang2 yg “miskin” dan “bodoh” aja ga mau perubahan, maunya keberlanjutan dan makan siang gratis, ok gas ok gas",makan siang gratis,0,,
112,527,1890195864418930775,14/02/2025 7:26:00,"Makanya warga miskin harus dijaga tetap miskin. Jangan kasih pendidikan. Jangan disuruh kerja. Kasih aja makan siang gratis setiap hari, nanti jadi nurut.",makan siang gratis,0,,
113,528,1890195699893256600,14/02/2025 7:25:00,"Kalo mereka memang kesian. Pernah nguping obrolan supir angkot, mereka kira program makan siang gratis tu mereka bakal kebagian, mungkin bagi mereka cari makan siang pun sulit. Gue dengernya miris sekaligus sedih, they don't know what's coming for them.",makan siang gratis,0,,
114,529,1890195028636758244,14/02/2025 7:23:00,"ini gak seberapa sama gimana beasiswa dihapus, KIP dipotong untuk pendidikan mereka-mereka yang kalian kasih MAKAN SIANG GRATIS.",makan siang gratis,0,,
115,530,1890195024534811003,14/02/2025 7:23:00,"buat pendidikan, cegah stunting, cegah generasi kurang pintar dari makanan mereka yang dianggap gak mengikuti saran 4 sehat 5 sempurna. tapi ujung-ujungnya kalau mereka gak dapat pendidikan yang baik dari CUMA makan siang GRATIS. buat apa, pak??? apa yang dikhawatirin dari MBG..",makan siang gratis,0,,
116,531,1890194289365508199,14/02/2025 7:20:00,"dari awal jg yg di highlight adalah ""makan siang gratis"" dan keberlanjutan dimana yaudah nerusin dari proker kemarin. kaum lu bener-bener ignorant dan denial apa gimana, sih? gapaham lagi gue.",makan siang gratis,0,,
117,535,1890190455746527392,14/02/2025 7:04:00,"saking gedeg gw pernah misuh ke dia, kita kaya gini tuh gara2 efisiensi dari pemerintah, sdgkan pemerintah malah nambah jumlah stafsus, nambah kementrian, dan kita juga kena dampaknya langsung. makan siang gratis digedein, kita kuliah panas2an, gelap2an, mam nohh 02 lu kan voters",makan siang gratis,0,,
118,536,1890189975788068972,14/02/2025 7:03:00,"Ya emang kalian tolol! Ada yg visi misinya jelas, kampanyenya membuka wawasan, malah pilih yg joget"" gak jelas, yg melanggar konstitusi. Dikasih pendidikan gratis, kalian pilih makan siang gratis. Yg tolol kalian, yg nanggung akibatnya se-Indonesia Raya!",makan siang gratis,0,,
119,542,1890187170851500079,14/02/2025 6:51:00,"Korban makan siang gratis berjatuhan, program KIP-K (Kartu Indonesia Pintar Kuliah), program Beasiswa Pendidikan Indonesia, dan beasiswa ADIK terancam sebabkan gagal lanjut kuliah 😴",makan siang gratis,0,,
120,547,1890183995176227245,14/02/2025 6:39:00,"Saya kira karena Bapak sudah lama ingin menjadi presiden, pasti ketika jadi presiden akan memberikan yang terbaik. Jika sekiranya program Makan Siang Gratis tidak bisa direalisasikan, tidak perlu malu untuk membatalkannya pak, daripada berbuat kebijakan yg seperti ini",makan siang gratis,0,,
121,561,1890168329681399859,14/02/2025 5:37:00,"Ya bener sih mau mak bapak nya dipenjara, toh anak²nya baik² aja msh bs jln² ke LN, lah anak² lainnya, saat disekolah dpt makan siang gratis, pas plg mak bpk nya kelaparan krn kena phk, mana impian bisa sekolah tinggi semakin sulit digapai",makan siang gratis,0,,
122,564,1890167489176482059,14/02/2025 5:33:00,"kocaknya dia dulu defend makan siang gratis pas aku kritisi tuh program pas kita debat 😂 skrg aku bingung posisi dia jadi oposisi apa engga, udah mulai kritis tp at some point masih dukung prabs lol",makan siang gratis,0,,
123,566,1890166960400507102,14/02/2025 5:31:00,"Intinya ga sehitam putih itu sih, banyak faktor. Ga semua punya taraf berfikir dan kesempatan yg sama, makannya yg penting kalo negara ini mau lebih baik (yg mau2 aja) adalah akses pendidikan yg bisa digapai oleh rakyat miskin, bukan makan siang gratis 🥲",makan siang gratis,0,,
124,577,1890162037906665515,14/02/2025 5:12:00,"Sedikit sulit sih untuk instan dengan makan siang gratis untuk anak merata ke seluruh Indonesia, kenapa? Karna Indonesia negara kepulauan yang sangat luas. Ada sih yang berhasil kayak jepang namun juga butuh proses.",makan siang gratis,0,,
125,580,1890160360264724564,14/02/2025 5:05:00,"harusnya sebelum milih lu mikir, program unggulan mereka ""makan siang bergizi gratis"" itu make dana apa? sebelumnya jg pas kampanye udah banyak yang mempertanyakan ini kok, udah banyak kontra soal program ini dulu wkwkwk https://t.co/92DAevPwO0",makan siang gratis,0,,
126,582,1890159016875356524,14/02/2025 5:00:00,"Inilah tololnya pemerintah saat ini! Ingat, dulu jepang setelah di bom atom, mencari berapa guru yang tersisa untuk segera mendidik masyarakat! Bukan bagi bagi makan gratis yang siangnya sudah jadi kotoran! Makan siang gratis hanya proyek untuk bagi bagi cuan apbn!",makan siang gratis,0,,
127,586,1890149612348141995,14/02/2025 4:22:00,"Menurut gw ada yang lebih penting dari pada program makan siang gratis dan pendidikan, yaitu ditekankan aturan untuk para koruptor kecil/besar agar anggaran untuk rakyat kembali dengan baik dan baru masalah pendidikan dan program makan siang atau lainnya di lanjutkan",makan siang gratis,0,,
128,594,1890133791232184521,14/02/2025 3:19:00,"Bang sy guru non ASN dan non sertifikasi dinaungan kemenag yg biasanya dpt insentif perbulan 250 rb, setelah tau termasuk post Anggaran yg kena efisiensi Jd lemes bang. Mending anak2 sy nda mendapat makan siang gratis disekolah drpd insentif tiba2 hilang kena dampak nya jg..🙏🏻",makan siang gratis,0,,
129,611,1890112034387443948,14/02/2025 1:53:00,"Program makan siang gratis terlalu over dan tidak bisa mencukupi gizi masyarakat bos, kalau hanya dapat yg bergizi saat siang lantas pagi dan malamnya? Tidak semua kalangan masyarakat sudah mampu memenuhi gizi mereka dalam sehari",makan siang gratis,0,,
130,615,1890107313387937871,14/02/2025 1:34:00,"Hadehh fakta di lapangan banyak ortu murid yg nyicil bayar seragam sekolah anaknya.. makan siang gratis emg bermanfaat, tapi lebih baik stabilkan ekonomi jadi yg dulunya gak makan siang, bisa ekonominya lebih baik. Skrg klo semua dipotong, ekonomi gk stabil, daya konsumsi masyar",makan siang gratis,0,,
131,626,1890093400986382792,14/02/2025 0:39:00,Jelas makan siang gratis iku anggarane gede. 1 sekolahan aja udah ada brp murid itu kali harga nasinya 10K anggap aja. Itu baru 1 sekolahan. Kalau semua sekolahan 1 kabupaten apa nggak ratusan sekolahan. Jika anggaran kurang pastinya nyari sumbernya dr yg lain buat nutupin,makan siang gratis,0,,
132,629,1890091684475859442,14/02/2025 0:32:00,"Gua beneran gapapaa, lu ngadain makan bergizi gratis. Tp kalo caranya begini mah mending berantem aja lah hayuk. Okelah anaknya makan siang gratis, tp pagi sama malemnya ortunya udh gabisa ngasih makan lagi karena diphk.",makan siang gratis,0,,
133,630,1890091651437326445,14/02/2025 0:32:00,"baru beberapa bulan tapi berasa the worst presiden ever cuy,hajat org banyak malah demi makan siang gratis,apanya yg gratis kalau ambil dari sana sini,kalau ga mampu mundur aja",makan siang gratis,0,,
134,631,1890091636786622771,14/02/2025 0:32:00,"Dulu beberapa rekan menggaungkan MAKAN SIANG GRATIS. Katanya sih dulu merasa adanya ketimpangan, disaat yang lain bisa jajan dan bawa bekal mereka gak bisa. Jad, berharap anak22 bekalnya sama agar tidak ada kesenjangan. Perasaan mereka Valid, tapi tidak meninjau kebijakan lain",makan siang gratis,0,,
135,632,1890090816129102142,14/02/2025 0:29:00,"Anggaran pendidikan dipotong, anggaran perlindungan saksi dan korban dipotong, anggaran BMKG dipotong, anggaran KPAI dipotong...buat program makan siang gratis? Gimana sih?",makan siang gratis,0,,
136,640,1890082788197712372,13/02/2025 23:57:00,"BABI KATANYA AJA MAU MAJU, GILIRAN BEGIAN MALAH LU HAPUS, BANYAK ORG KALANGAN BAWAH YG BUTUH SARJANA. YG BUTUH NAIKIN EKONOMI KELUARGANYA. HAPUS AJA TUH MAKAN SIANG GRATIS AJG, PERCUMA LU ADAIN KALAU UJUNG’NYA MALAH KIP/KIP-K LU HAPUS JANCOK.",makan siang gratis,0,,
137,647,1890079843884388511,13/02/2025 23:45:00,"Kasih anak makan bergizi gratis, makan siang dan makan malam nya malah terancam karena PHK orang tua nya???",makan siang gratis,0,,
138,650,1890079373233123511,13/02/2025 23:43:00,"Waktu krisis ekonomi 97 di Cina, warganya dikasih tambahan kuota kuliah biar ga nganggur, dan jumlah maba disana naik 5x lipat dalam 1 dekade. Di Indonesia yg sekarang ekonominya ga jelek2 bgt malah mau motong pendidikan buat fokus ke makan siang gratis.",makan siang gratis,0,,
139,656,1890076819782848938,13/02/2025 23:33:00,"Bukan menyimpan dendam, tapi hanya penasaran, kok bisa dulu mereka yang satu baris sebagai “tenaga kesehatan” mendukung program makan siang gratis, sebagai bentuk upaya penyelesaian “STUNTING” apa gak SINTING?",makan siang gratis,0,,
140,661,1890075199082758469,13/02/2025 23:26:00,"menurut aku jika pendidikan diprioritaskan dan tingkat kesejahteraan masyarakat ditingkatkan, tujuan MBG perlahan akan tercapai. makan bergizi gratis tuh konyol, ""anak makan siang gratis, pas malem kelaparan karena ortunya di PHK"" kata-kata semacam ini sering banget seliweran.",makan siang gratis,0,,
141,666,1890072792475083171,13/02/2025 23:17:00,orang mau menempuh pendidikan dengan niat baik masa harus hancur di tengah jalan cuma karna MAKAN SIANG GRATIS itu? gila ya pokoknya gue marah bgt kalau sampai ada temen gue yang niat ikhlas kuliah atau sekolah demi ilmu sampai gabisa melanjutkan pendidikan mereka.,makan siang gratis,0,,
142,667,1890072296871849993,13/02/2025 23:15:00,Gue kadang pengen tau sih kayak apa alasan kuat kalian untuk milih ini paslon? 01 03 pun ga sepenuhnya sempurna tp kok bisa kalian lebih milih makan siang gratis daripada program2 lain yang lebih menyejahterakan rakyat?,makan siang gratis,0,,
143,668,1890072121386393917,13/02/2025 23:14:00,"LU ADA ORANG YG PROGRAM UTAMANYA MAKAN SIANG GRATIS SENILAI 16K DOANG APA GA MIKIR KAHHH?? okehlah klo kemampuan literasi rendah jadi gabisa baca visi misi, tapi dari programnya harusnya dah bisa mikir sih apalagi kegiatan pas kampanye jg joget2 doang https://t.co/1FIxiAXE9k",makan siang gratis,0,,
144,669,1890072063316300281,13/02/2025 23:14:00,"program makan siang gratis kalo nutrisinya gak tercukupi juga percuma kayaknya. indonesia belum siap untuk ambil program itu, gak di saat masih banyak sektor yang perlu diperbaiki supaya program makan siang gratis bisa berjalan tanpa MEMBEBANI.",makan siang gratis,0,,
145,729,1890053361799684476,13/02/2025 22:00:00,"Demi adiknya dpt makan siang gratis, sang kakak harus putus kuliah, sang Bapak jadi tak punya pekerjaan karena di PHK, ngeri amat system barternya",makan siang gratis,0,,
146,731,1890053243390300597,13/02/2025 21:59:00,Serius nanya karna udah lg gak baca2 berita. Itu yg katanya efisiensi anggaran dilakuin tuh buat nutup apa sih? Makan siang gratis kah? Segitunya kah? Kek ini mereka dikasih makan siang gratis biar mereka kelaparan malamnya karna keluarganya gabisa beli makan soalnya gajinya,makan siang gratis,0,,
147,737,1890048377620160603,13/02/2025 21:40:00,Mau sampek kapan sih ngorbanin pihak pihak lain untuk merealisasikan makan gratis itu. Udah banyak pekerja kementrian yang dipulangin karena pemangkasan anggara. Sekarang kalian mau mulangin mahasiswa juga buat makan siang gratis yang kalian junjung-junjung itu?,makan siang gratis,0,,
148,743,1890046893708952005,13/02/2025 21:34:00,apakah tidak terpikir bahwa makan siang gratis tidak lebih penting dibandingkan dengan pendidikan? seharusnya aku maakan untuk hidup bukan hidup untuk makan.,makan siang gratis,0,,
149,744,1890046477122285701,13/02/2025 21:32:00,masih heran kenapa pemerintah mengedepankan makan siang gratis untuk jadi prioritas utama dibandingkan dengan pendidikan dan kesehatan yg skrg jd prioritas tambahan (?) ada apa dengan pemerintahan skrg yg dijalankan oleh pemimpin militer dengan otak ototnya itu?,makan siang gratis,0,,
150,751,1890044031633375365,13/02/2025 21:23:00,"buat apa sih makan siang gratis kalo motong gaji, cabut kip, war gas melon, fasilitas bmkg entah digimanain lah kontol hapus aja program makan siang lo kalo kita jd ga bisa lanjutin hidup mah",makan siang gratis,0,,
151,752,1890043997089042631,13/02/2025 21:22:00,"Makan siang gratis apaan 171 T? sedangkan makanannya cuma itu-itu aja, mending dibuat pendidikan gratis biar cepat menuju Indonesia emas ",makan siang gratis,0,,
152,754,1890043769153831199,13/02/2025 21:22:00,"Anak sekolahan dapet makan siang gratis tiap hari, tapi gak dapet kesempatan buat lanjut pendidikan. Perut kenyang, tapi masa depan terancam. Niat sekolah buat memutus rantai kemiskinan, tapi 'terpaksa' merelakan harapannya demi makan siang.",makan siang gratis,0,,
153,755,1890043674828079613,13/02/2025 21:21:00,apalah arti makan siang gratis di sma klo habis lulus ga bisa lanjut kuliah🤷‍♂️ pendidikan n kesehatan should (even must) be the main priority,makan siang gratis,0,,
154,756,1890043612135924132,13/02/2025 21:21:00,makan siang gratis prioritas. pendidikan efisiensi. sepertinya bro lupa,makan siang gratis,0,,
155,758,1890043297017831550,13/02/2025 21:20:00,"Gara gara efisensi anggaran dipangkas sama makan siang gratis, imbasnya ke kita ngentodddd wowok, wo mana sprei gratis yang kau janjikan itu",makan siang gratis,0,,
156,759,1890043259566911532,13/02/2025 21:20:00,"Keluarga om ku beneran se kuat itu masih bangga2in 02, bahkan bangga bgt waktu liat dapur makan siang gratis dijaga TNI. Pdhl serem bgt ngapain sih TNI masak makan siang buat anak2??? Dipaksa biar makan dgn senang gitu??? Hhhh",makan siang gratis,0,,
157,764,1890040971595076011,13/02/2025 21:10:00,Dapet makan siang gratis disekolah tp dirumah gaada makanan karena ortunya di PHK,makan siang gratis,0,,
158,765,1890040856926892443,13/02/2025 21:10:00,"Ternyata makan siang gratis itu ga beneran gratis. Harus ada ayah yang di phk, ibu yang ngantri gas LPG, kakak yang KIP-K nya terancam dicabut, abang yang susah cari kerja karna efisiensi. Masa hal hal sekecil ini aja harus bohong sih, Ndut?",makan siang gratis,0,,
159,766,1890040589275852925,13/02/2025 21:09:00,berharap apa sama orang yang berpikir bahwa untuk memperbaiki kerusakan negara ini adalah dengan makan siang gratis,makan siang gratis,0,,
160,767,1890040504353784086,13/02/2025 21:09:00,"sependek pengamatan gue, orang di sekitar yang milih si onoh 90% ga nonton debat capres cawapres, bahkan kalo di tanya visi misi mereka cuma jawab makan siang gratis sama kalimat2 asbunnya si gemoy. mereka kiblatnya cuma video2 pendek di tt yang isinya pada DRAMATIS SEMUA",makan siang gratis,0,,
161,769,1890040126602150364,13/02/2025 21:07:00,Anak dosen engga memastikan pemikiran dan pradigma berfikirnya berpendidikan juga bos. Contoh presiden kita paradigma berfikirnya makan doang makanya timbuk makan siang gratis ~ presiden kok dangkal,makan siang gratis,0,,
162,772,1890039758975635460,13/02/2025 21:06:00,"kata bapak, kenapa skrg apa2 mahal dan pajak naik, karna untuk nutupin anggaran makan siang gratis☺️",makan siang gratis,0,,
163,773,1890039730546549142,13/02/2025 21:06:00,Dikasih pilihan Satu keluarga satu sarjana malah pilih makan siang gratis.,makan siang gratis,0,,
164,774,1890039547498807520,13/02/2025 21:05:00,"Pion negara itu pendidikan dan kesehatan... lah ini malah mau diancurin sehancur-hancurnya pendidikannya demi makan siang gratis...??!! YALLAHHHHHHH TOLONG!!!!!! Kebanyakan makan pun bikin bodoh, bikin males.. apalagi klo makannya cmn 1x sehari karna dirmh ortunya nganggur njirrr",makan siang gratis,0,,
165,775,1890039481341976630,13/02/2025 21:05:00,"mama papaku harusnya liat kan segala berita efisiensi ini, tp aku gamau deh berantem lagi ama mama perkara makan siang gratis😃",makan siang gratis,0,,
166,789,1890035347117248567,13/02/2025 20:48:00,"Dikasi 1 rumah 1 sarjana malah lebih milih satu keluarga dijadiin pengangguran demi makan siang gratis anaknya. Padahal si anak belum tentu bisa dapet makan gratis kalo keluarga ga mampu menyekolahkan. 
 
 Gws deh buat yang masih bela atau masih bilang 01,02,03 sama aja.",makan siang gratis,0,,
167,790,1890034642105053265,13/02/2025 20:45:00,Gimana caranya pendidikan gratis? Sama aja kayak makan siang gratis? Suatu hal yang dipaksakan di tengah apbn minus,makan siang gratis,0,,
168,791,1890034242471735686,13/02/2025 20:44:00,"generasi emas katanya, generasi emas lahir bukan hanya dari makan siang gratis, mereka butuh PENDIDIKAN!!! bagaimana bisa menjadi generasi emas kalau PENDIDIKAN saja kalian batasi dana nya???",makan siang gratis,0,,
169,792,1890034219684122683,13/02/2025 20:44:00,"Mengapa? makan siang gratis yang di prioritaskan kan. Kalau kunci sukses orang ada di pendidikan!!!
 
 Sebagai pejabat publik Tertinggi memang anda agah aneh"".",makan siang gratis,0,,
170,797,1890033543059021894,13/02/2025 20:41:00,cuma orang sinting yang milih makan siang gratis dari pada pendidikan gratis,makan siang gratis,0,,
171,798,1890033530954285141,13/02/2025 20:41:00,"satu anak dpt makan siang gratis, tp satu orang tua bisa kehilangan makan malem keluarga",makan siang gratis,0,,
172,799,1890033390780666266,13/02/2025 20:40:00,Sepenting itukah makan siang gratis?? Sampai lupa bahwa pendidikan lebih penting,makan siang gratis,0,,
173,802,1890032761651781756,13/02/2025 20:38:00,"Efisiensi mah seharusnya dana ga terlalu penting yang berlebihan yang dipangkas. Lah, ini justru dana pendidikan yang terancam dipotong. 
 
 Plis daripada mikirin makan siang gratis 1 anak, mending mikirin gimana biar rakyat lu punya kemampuan cari uang buat makan sekeluarga.",makan siang gratis,0,,
174,803,1890031948304932965,13/02/2025 20:35:00,"jujur udah muak banget sama konsep negara yang mau dibangun sama pemerintahan ini. aneh aja sebenernya, buat makan siang gratis harus banyak banget yang jadi korban terutama pendidikan dan kesehatan yang seharusnya jadi prioritas.",makan siang gratis,0,,
175,804,1890031650077389169,13/02/2025 20:33:00,"temen kelas gua jg pada bloon milih prabowo anj padahal visi misi gajelas, cmn diiming imingin makan siang gratis sama kasian karna kalah terus? eh prabowo mah ga kasian YG KASIAN HIDUP KITA DIACAK ACAK",makan siang gratis,0,,
176,806,1890031211407642824,13/02/2025 20:32:00,"Iya, ttp aja ga urgent. Ngasih makan siang gratis itu butuh uang banyak bjir.. kl Indo uangnya turah banyak okelah. Kemarin aja sempat hampir mau naikin pajak. Krn gajadi njuk sampe PHK sama motong subsidi pendidikan. 
 😭 kasarnya sama aja ga guna buat kondisi negara saat ini",makan siang gratis,0,,
177,809,1890030308302745861,13/02/2025 20:28:00,"Dari awal tuh udah nggak masuk akal ngasih makan siang GRATIS buat anak sekolah. Anggarannya dari mana gitu lho???
 
 Eh ternyata kejawab:) aku kira bakal jual tuh lemak gemoy apa gimana gitu",makan siang gratis,0,,
178,810,1890029931910111327,13/02/2025 20:27:00,"Di tawari 1 keluarga 1 sarjana, pendidikan gratis untuk masyarakat tidak mampu malah memilih makan siang gratis ...daammmn",makan siang gratis,0,,
179,811,1890029836049264976,13/02/2025 20:26:00,"Satu anak makan siang gratis, menghilangkan makan malam sekeluarga.
 
 Cr: generasifrustasi",makan siang gratis,0,,
180,814,1890029391943795162,13/02/2025 20:24:00,Ditambah program makan siang gratis IKUU SING NGGARAI PEMANGKASAN ANGGARAN DIBERBAGAI KEMENTRIANN. MELEK SITIK TALAH,makan siang gratis,0,,
181,816,1890028965320073679,13/02/2025 20:23:00,Ditambah KABINET GEMUK + PROGRAM MAKAN SIANG GRATIS MALAH NGGARAI MUBAZIRRR. DELOK EN TALAHHH PEMBAGIAN ANGGARANE. WOWO TERLALU EGOIS ANTI KRITIK,makan siang gratis,0,,
182,818,1890028363898913231,13/02/2025 20:20:00,Menuju Indonesia cemas HAHAHA gue inget bgt di circle gue cmn gue yg pilih 01 tmn gue 02 pda mau outin gue dr group WKWKWKWK MAKAN TUH MAKAN SIANG GRATIS EFISIENSI WKWKWKW OKE GAS OKE GAS JOGETIN AJA 🤣🤣🤪🤪,makan siang gratis,0,,
183,819,1890027748984496427,13/02/2025 20:18:00,"Mampus lu semua anak"" gen-z fomo tolol yg pilih gemoy kemaren, makan tuh makan siang gratis. Dasar manusia-manusia tolol milih makan siang ketimbang 1 keluarga 1 sarjana. LIAT PAKE MATA BUKAN PAKE DENGKUL LIAT UKT NAIK LIAT KIP-K MAU DI ILANGIN. dasar bocah"" tolol gk ada otaknya.",makan siang gratis,0,,
184,823,1890026886669205818,13/02/2025 20:14:00,"potong anggaran pendidikan buat makan siang gratis, pinter engga kenyang bego iyaa 😂",makan siang gratis,0,,
185,824,1890026620079276389,13/02/2025 20:13:00,"Org yg spt Anda sebutkan ini, biasanya anaknya gak sekolah, jd dobel tuh kenanya, gak sekolah gak dapet makan siang gratis",makan siang gratis,0,,
186,825,1890026504631079311,13/02/2025 20:13:00,demi makan siang gratis buat anak sekolah? keknya kalo yang kain berjalan dengan baik makan buat anak sekolah juga bisa beli sendiri gak perlu gratis taii,makan siang gratis,0,,
187,831,1890024973160546613,13/02/2025 20:07:00,"satu anak makan siang gratis menghilangkan makan malam satu keluarga, menghilangkan calon sarjana pertama keluarga miskin.",makan siang gratis,0,,
188,836,1890024165337694377,13/02/2025 20:04:00,"Semua anak sekolah? Kami di Indonesia timur sampai detik ini belum mendapatkan makan siang gratis, padahal kami juga bayar pajak seperti kalian yg di Jawa. Apa ini yg dinamakan dengan keadilan sosial bagi seluruh rakyat Indonesia?",makan siang gratis,0,,
189,837,1890023443221106766,13/02/2025 20:01:00,dapet makan siang gratis tp orang tuanya kehilangan pekerjaan,makan siang gratis,0,,
190,838,1890023043046789322,13/02/2025 19:59:00,"Masalahnya orang goblok itu kalo dikasih solusi orang pinter itu nurut,selama solusi itu masuk akal,la ini elu malah ngeyel,cuma dikaaih janji makan siang gratis buat siswa,tp yg cari makan pada dipecatin akhirnya,kalo itu cuma elu yg nanggung gag masalah cok",makan siang gratis,0,,
191,839,1890022891191972107,13/02/2025 19:59:00,"kok bisa pendidikan diganti makan siang gratis, outputnya ngincer apaan sih wkwk",makan siang gratis,0,,
192,851,1890019127756218694,13/02/2025 19:44:00,adek gw aja td sore pulang sekolah marah marah perkara efisiensi kocak bgt… seorang DENIS pulang pulang ‘katanya efisiensi tp ngasih makan siang gratis… GAK EFISIEN’ 🤙🏻🤙🏻,makan siang gratis,0,,
193,852,1890018855147446397,13/02/2025 19:43:00,"Anaknya makan siang gratis, sorenya ibu bapaknya kena pecat kantor 😂",makan siang gratis,0,,
194,854,1890018141570515076,13/02/2025 19:40:00,"Berarti benar kata pepatah ""tidak ada makan siang gratis"" karena ortunya di PHK.🤣",makan siang gratis,0,,
195,855,1890018059819315400,13/02/2025 19:39:00,"Di janjiin satu keluarga satu sarjana malah pengen makan siang gratis 🤣
 
 Lapar semua sih otaknya ga di pake!",makan siang gratis,0,,
196,857,1890017649842848095,13/02/2025 19:38:00,please lah anjrit GUA GAK BUTUH MAKAN SIANG GRATIS ITU LAH gua hanya mau pendidikan yg bagus anjingggggg https://x.com/kenapagituyakk/kenapagituyakk/status/1889852310391759165…,makan siang gratis,0,,
197,858,1890017462957261177,13/02/2025 19:37:00,"Dikasih pendidikan gratis malah milih makan siang gratis
 Eh...ada efisiensi anggaran
 Mamam tuh joget gemoy",makan siang gratis,0,,
198,859,1890017411186975098,13/02/2025 19:37:00,"Makan tuh makan siang gratis sampe sma, pas tahap selanjutnya udh deeh mampus #savekipkuliah",makan siang gratis,0,,
199,860,1890017186972156057,13/02/2025 19:36:00,"Pendidikan udah ngga ada artinya yg penting makan siang gratis lancar
 Najis!",makan siang gratis,0,,
200,861,1890016859669561520,13/02/2025 19:35:00,"Yang bisa vote pemilu itu orang yang udah punya ktp, berusia legal, yang udah mampu berpikir dan membandingkan mana yang baik dan mana yang buruk. Udah jelas gemoy kemarin visi misinya ga bagus, yang diagung-agungkan makan siang gratis yang ga jelas, tapi kalian tetep milih-- https://x.com/um_fess/status/um_fess/status/1889863353025040556…",makan siang gratis,0,,
201,872,1890013968779088128,13/02/2025 19:23:00,"Secara terang terangan pemerintah memang ingin mematikan kecerdasan bangsa, persetan makan siang gratis, tidak pernah ada negara maju yang menomorduakan pendidikan! TIDAK ADA! WALLAHI how dzolim you are.. #daruratpendidikan #IndonesiaGelap",makan siang gratis,0,,
202,876,1890013281081041379,13/02/2025 19:20:00,"58% bodoh banget ya, udah tau indon banyak hutang TRS LU BERHARAP APA KONTOLLLL DARI AWAL AJA PENDIDIKAN BUAT YG UTAMA PAS KAMPANYE CUMAN ""makan siang gratis makan siang gratis"" SKRG DAMPAKNYA KE SEMUA ORANG KONTOLLLLLL",makan siang gratis,0,,
203,912,1890004963147108505,13/02/2025 18:47:00,"sama dengan kemiskinan, pemerintah akan piara kemiskinan untuk keperluan politik.. makan siang gratis, bansos jadi amunisi andalan untuk mendulang suara",makan siang gratis,0,,
204,919,1890002805475397873,13/02/2025 18:39:00,"dulu pernah meng-edukasi pemilih genap, tpi dia ttp dgn pilihannya. Kondisi dia sekarang nganggur (faktor umur jdi penyebabnya), pdhl dulu ada yg menawarkan batas umur untuk pekerja dihilangkan. Tpi malah pilih yg kasih makan siang (tidak) gratis.",makan siang gratis,0,,
205,920,1890001531535241236,13/02/2025 18:34:00,"Anak makan siang gratis, keluarga kelaparan dirumah.",makan siang gratis,0,,
206,935,1889997521684140066,13/02/2025 18:18:00,"semua muanya dipotong buat anggaran makan siang gratis, at this point gw mikir ini negara apa warteg sih",makan siang gratis,0,,
207,942,1889996343625822246,13/02/2025 18:13:00,"Gara-gara makan siang gratis, sekeluarga sempet ga bisa sarapan & makan malam (gas habis) dan terancam ga bisa dapet makan siang gratis juga (keluarga kehilangan pekerjaan, dan ga bisa lanjut sekolah karena biaya)",makan siang gratis,0,,
208,945,1889996139543593129,13/02/2025 18:12:00,"Gapapa ga pinter, gapapa gaji di bawah umr (mana umr kita termasuk terendah), yg penting makan siang gratis! Oke gas oke gas",makan siang gratis,0,,
209,946,1889995797074510079,13/02/2025 18:11:00,"🤣😀makan tuh makan siang gratis, untuk makan siang gratis berapa tenaga krrja honorer di PHK? Untuk makan siang gratis berapa rekanan plat merah yang dibutus kontrak?berapa banyak agenda lembaga kementrian lain dibatalkan. Sedangkan mentri2 dan staf foya foya boy? Oke gas..💃🏻💃🏻",makan siang gratis,0,,
210,952,1889994287146061944,13/02/2025 18:05:00,"Makan siang gratis di sekolah, bagi sebagian pelajar adalah sebuah berkah. Tapi disisi lain ada banyak orang yang kehilangan pekerjaan karena PHK akibat kebijakan efisiensi dan pengalihan anggaran yang konyol dari pemerintah @prabowo @gibran_tweet",makan siang gratis,0,,
211,960,1889992309724614750,13/02/2025 17:57:00,"iya harusnya makan siang gratis ini engga usah dijadiin program prioritas jadiin pendukung aja kalo yang lainnya (pendidikan n kesehatan) udah terpenuhi, inimah malah kebalik wkwkwk ngacoooo",makan siang gratis,0,,
212,961,1889992080220725743,13/02/2025 17:56:00,"jepang aje pas di bom ampe ancur gitu prioritas pertamanya pendidikan, bukan makan siang gratis",makan siang gratis,0,,
213,963,1889991794554974474,13/02/2025 17:55:00,"Makan siang gratis biar anak bangsa pinter,menuju Indonesia emas, tapi buat kuliah/ke jenjang lebih tinggi penghasilan ortu gaada karena kena phk, kalau mau pake beasiswa susah karena dibatasi, jadi niatnya mau bikin pinter apa ga sih 😒🤌",makan siang gratis,0,,
214,964,1889991564828750275,13/02/2025 17:54:00,"Rakyat Membutuhkan Pendidikan Gratis, Bukan Makan Siang Gratis. Pemangkasan Anggaran KIP Kuliah itu hanya akan Mempersempit Ruang Akses Pendidikan setiap warga Negara, Jangan atas Nama Efisiensi Anggaran Justru Masa Depan Anak- anak Bangsa yg Harus di Korbankan. ",makan siang gratis,0,,
215,970,1889990777574654403,13/02/2025 17:51:00,program makan siang gratis mah ga pure gratis anying itu hasil malak anggaran yang lain,makan siang gratis,0,,
216,971,1889990599492940276,13/02/2025 17:50:00,apaansi tai semua mua kena efisiensi yg katanya demi makan siang gratis taik ky makan siangnya enak aja,makan siang gratis,0,,
217,972,1889990034331402669,13/02/2025 17:48:00,mangkas anggaran pendidikan buat apa? buat makan siang gratis yg gak bergizi itu yg ujung2nya bakalan jadi TAI,makan siang gratis,0,,
218,974,1889989764260237523,13/02/2025 17:47:00,DAN MAKAN SIANG GRATIS YANG CUMA BISA DINIKMATIM ANAK2 YG MAMPU SEKOLAH DOANG ITU DISKRIMINASI BUKAN ?🤔,makan siang gratis,0,,
219,978,1889989276353568946,13/02/2025 17:45:00,"Bapak Ibu kena lay Off, kakak DO, yg penting adik dpt makan siang gratis",makan siang gratis,0,,
220,979,1889988828636778880,13/02/2025 17:43:00,emang niatnya pengen ngancurin rakyat kecil si prabowo ini kamprett MAKAN NOH OKE GAS OKE GAS MAKAN NOH MAKAN SIANG GRATIS,makan siang gratis,0,,
221,988,1889986669459525932,13/02/2025 17:35:00,"Dari awal ga suka sama jargon kampanye “makan siang gratis” karena konotasinya jelek banget nget. Terlepas kebutuhan programnya, tapi ini udah ugal-ugalan banget ngawurnya.",makan siang gratis,0,,
222,989,1889986664849940853,13/02/2025 17:35:00,"cegah stunting tuh dr sblm hamil, dr pd bikin program makan siang gratis mending dana nya dialokasi ke ahli buat edukasi orang2 di daerah terpencil yg minim informasi IBUUUUU BESTARY",makan siang gratis,0,,
223,992,1889986269868151247,13/02/2025 17:33:00,"adiknya makan siang gratis, kakaknya gabisa lanjut kuliah",makan siang gratis,0,,
224,993,1889985756929912899,13/02/2025 17:31:00,"Dari awal ngejual video short orang-orang ekonomi ke bawah make lagu sedih buat makan siang gratis, terus joget-joget, ga bisa jawab pers, abis debat langsung nemuin media ini malah melengos jalan terus ga mau diwawancara. Kok bisa masih milih 02",makan siang gratis,0,,
225,1000,1889984856635183262,13/02/2025 17:27:00,"Makan siang gratis ini hentikan saja, gimmick ini, bisa jadi malah nanti jadi ladang korupsi baru
 
 Mending fokus itu duit buat program yang lebih bermanfaat",makan siang gratis,0,,
226,1001,1889984820551569592,13/02/2025 17:27:00,Negara banyak hutang sok-sokan ngasih makan siang gratis. 😂,makan siang gratis,0,,
227,2007,1886085648639221809,02/02/2025 23:13:00,"Semua demi anak makan siang gratis, tp bikin orang tuanya yg kerepotan. awokwokwokwok",makan siang gratis,0,,
228,2016,1886076228345712898,02/02/2025 22:36:00,"fokus makan siang gratis, efisiensi anggaran, ga jadi pindah ke ikn, terus ini lah itu lah... kayak... will all of us stay alive for next few years!?",makan siang gratis,0,,
229,2046,1886024361578221672,02/02/2025 19:10:00,"Efisiensi anggaran untuk program makan siang gratis, memangkas alokasi untuk pembangunan, yg orang tua nya kerja di proyek ya jadi korban, anaknya di sekolah dapat makan, tp di rumah anak nya gak makan, karna bapak nya yg kerja di proyek gak ada kerjaan",makan siang gratis,0,,
230,2055,1885997399895925179,02/02/2025 17:23:00,"kalo udah nyinggung pengurangan pegawai, gue langsung suuzon kalo itu siasat pemotongan anggaran demi program makan siang gratis",makan siang gratis,0,,
231,37499,1892398530653737403,20/02/2025 9:19:00,Kenapa gw dulu pernah bilang program ambisius makan siang gratis dijawab juga oleh politikus PDIP. Gw juga mendukung program ini tapi klo mengorbankan sektor2 lain sepertinya harus dipertimbangkan.,makan siang gratis,0,,
232,37542,1892264130662297814,20/02/2025 0:24:00,"Beginilah harusnya perilaku dari orang terdidik, lebih memilih mengenyam pendidikan gratis dari pada makan siang gratis yang gak ada esensinya. Semangat untuk teman-teman di Papua! jangan menyerah sama hak yang pantas kalian semua dapat. Panjang umur perjuangan!!",makan siang gratis,0,,
233,37603,1892176552181563798,19/02/2025 18:36:00,"Bayangin suatu saat disajiin makan siang gratis di sekolah, diawasin tni sambil nodong pistol, muridnya disuruh makan sampe habis, gaboleh kritik apapun, kalo ga gitu ditembak",makan siang gratis,0,,
234,37616,1892170292920729724,19/02/2025 18:12:00,"Beginilah cara jitu menguasai uang negara bermain di balik pembentukan lembaga baru dengan dalih untuk makan siang Gratis, ngeri ngeri negeri ini",makan siang gratis,0,,
235,37711,1892098027713601720,19/02/2025 13:24:00,Tidak ada sejarahnya makan siang gratis bisa melahirkan anak-anak yang pintar tetapi pendidikan gratis mampu melahirkan anak-anak yang pintar,makan siang gratis,0,,
236,37769,1892056820086341692,19/02/2025 10:41:00,"hapus makan siang bergizi gratis,alihkan untuk pendidikan gratis dengan prioritas di daerah timur indonesia,open publik aliran dananya,agar semua bisa memantau,sesederhana itu saja",makan siang gratis,0,,
237,37773,1892052775967556052,19/02/2025 10:25:00,"Sehat sehat negeri ku, pendidikan itu di atas segalanya buat apa makan siang gratis kalau pekerja pada kena PHK gara² efisiensi biaya untuk memenuhi ambis Pak presiden.",makan siang gratis,0,,
238,37802,1892025798657204275,19/02/2025 8:37:00,"Miris ya, dulu ada Pemimpin yang menawarkan PENDIDIKAN MURAH hingga GRATIS, engkau lebih memilih Makan Siang Gratis. Dulu ada yang mau memajukan level kota di setiap provinsi, kamu pilih level IKN. Ah Sudahlah.",makan siang gratis,0,,
239,37862,1848149409969930656,21/10/2024 6:48:00,"Baru dilantik kemarin udah pada minta makan siang gratis, dan lucunya yang minta makan siang udah pada tua2 ngarep makan siang gratis, sadarrr woii KERJA!!! Programnya buat anak Sekolah bukan orang tua kayak eluuu dan ingat setiap program di butuhkan waktu buat jalaninnya..",makan siang gratis,0,,
240,37866,1848146905664245994,21/10/2024 6:38:00,"Memperhitungkan biaya makan Siang Gratis saja harus diambil dari kebocoran dana yg katanya 33% itu. Ditambah mikir biaya IKN dan Dana dana buat kementerian yg Gemuk tentu tambah berat.
 Belum lagi warisan hutang rezim.",makan siang gratis,0,,
241,37911,1848032746909864049,20/10/2024 23:05:00,"Beneran buang-buang anggaran, di rezim Mulyono yang jumlah K/L hanya 45 mencakup alokasi belanja negara hampir 1/3, terus kalau 56?? Gimana rasionalisasinya + dengan program makan siang gratis. Anggaran mana yang akan dipangkas 💀💀",makan siang gratis,0,,
242,37972,1847996965210259485,20/10/2024 20:43:00,"Orang sini dikasih pidato saja senang. Apalagi dijanjikan makan siang gratis. Makanya pantas 10 tahun negara amburadul total tapi masyarakatnya oke-oke saja karena dihibur aksi bagi sepeda, sembako, dan kaos, beserta serangkaian gimik merakyat.
 
 — Muklas, 39 tahun, pekerja lepas",makan siang gratis,0,,
243,40139,1854819044308009321,08/11/2024 16:31:00,Gua curiga frogram.makan siang gratis akan di limpahkan ke gubenur soalnya tanda tanda di bentuknya badan pengolahan makan gartis belom ada sdngkan itu menyadot anggran cukup besar perlu penaganan pengawasan serius ...,makan siang gratis,0,,
244,40185,1854716210325471723,08/11/2024 9:42:00,"Sedih yaa yg katanya mau kasih makan siang dan susu gratis tp nyatanya kesejahteraan peternak sapi aja ga diperhatikan, miris bgt malah lebih dipilih susu impor ketimbang susu lokal 😥",makan siang gratis,0,,
245,40283,1854378776547000363,07/11/2024 11:22:00,"Para penjilat pemerintah sekarang begitu senang dengan adanya makan siang gratis. Dan bangga ketika Gibran bagi2kan susu gratis ke publik secara terbuka. Dia dapat keuntungan secara politik, sementara dana yang dihamburkan bukan dari kantungnya, tetapi dari Negara.",makan siang gratis,0,,
246,40343,1854128614553555275,06/11/2024 18:48:00,"Gw kasi tau sama lu ya. Ga ada makan siang gratis. Gw juga tau lu suka minta-minta di kurangin. Tapi kalo buat bisnis lo tuh nyawer-nyawer naikin engagement, cih. Kan tau gw, lo mau buat agency tiktok. Bray. Kalo mau advice(?) Bayar. Ga ada. Temen ya temen. Kerja ya kerja.",makan siang gratis,0,,
247,40356,1854109884691964011,06/11/2024 17:33:00,"Bisa bawa rakyat sejahtera ga? PHK disana sini, makan siang gratis mana? anak² masih pd minta uang jajan buat sekolah.... Setali tiga Wang dng. Sebelumnya,, halu halu dan halu",makan siang gratis,0,,
248,40451,1851185287575322995,29/10/2024 15:52:00,iya2..mental2 ky gini...semua hrs gratis. Lu ga sekalian suruh pemerintah bayar gaji karyawan lu? bayarin lu makan siang? lu jalan2 healing dibayarin pemerintah? lu jajan eskrim dibayarin pemerintah? pecundang ikut nimbrung nyalahin pemerintah ky gini...ride with the wave 👎,makan siang gratis,0,,
249,40776,1850452181612413401,27/10/2024 15:19:00,"Gak usah negara bakalan nambah pengeluaran anggaran. Biaya pelatihan, Diklat, biaya konsumsi, biaya operasional dll. Secara program pak Prabowo banyak banget yang memerlukan biaya kek ""makan siang gratis"" .",makan siang gratis,0,,
250,41244,1877118594720411998,09/01/2025 5:22:00,Program makan siang gratis ini emang dari awal terkesan terburu-buru dan ga mempertimbangkan kondisi keuangan negara ya. Orang waras mana loh yang masih punya utang negara ribuan triliun tapi milih program yang anggarannya besar bgt?,makan siang gratis,0,,
251,41579,1876960422466613511,08/01/2025 18:53:00,"Yang tolol itu elu. Di awal gembar gembornya program makan siang bergizi gratis. Ini mah ga ada gizinya sama sekali mau lu kasih ke orang miskin kek, orang kaya kek. Hal bobrok kaya gini aja masih lu belain. Dibayar berapa lu?",makan siang gratis,0,,
252,41612,1876954484057784692,08/01/2025 18:29:00,"tlg segera sudahi makan siang gratis yg tdk berguna itu… gw udh eneg liat menu2 absurd… ga jelas… mereka itu bocil yang sgt sgt picky eater, bukan kaya kita anak kos, yang apa bae di embat😭😭",makan siang gratis,0,,
253,41614,1876954237340377462,08/01/2025 18:28:00,"kalo anak gue dapat makan siang gratis seperti itu sedih bener dah busettttt. mending kaga usah dimakan nak, biar dibikinin bekel aja dari rumah, rela dah bangun jam 3 berasa saur juga",makan siang gratis,0,,
254,41652,1876946966078173215,08/01/2025 18:00:00,We know nasduk ibu2 di pinggir jalan yg 10rb lebih appetizing dr whatever shirt this makan siang gratis give,makan siang gratis,0,,
255,48418,1909537810664898607,08/04/2025 16:24:00,Uang pendidikan bapak pangkas(efisiensi) sedangkan bapak bikin program makan siang gratis which is takes dana besar. Bapak mau rakyat kita pintar berpikir apa pintar makan,makan siang gratis,0,,
256,48424,1909537810664898607,08/04/2025 16:24:00,Uang pendidikan bapak pangkas(efisiensi) sedangkan bapak bikin program makan siang gratis which is takes dana besar. Bapak mau rakyat kita pintar berpikir apa pintar makan,makan siang gratis,0,,
257,50157,1871508895736402146,24/12/2024 17:51:00,"Kalau boleh saran, lebih baik makan siang gratis dibatalkan saja. Daripada hutang bertambah, tp pelaksanaan di lapangan amburadul, blm lg risiko korupsinya, blm lg mubadzir jika ada anak yg tdk mau makan daun kelor atau susu ikan.",makan siang gratis,0,,
258,52795,1901932132433596547,18/03/2025 16:42:00,"Kan semenjak Rezim baru menjabat, banyak hal hal mencurigakan yang keluar, Makan siang gratis, PPN naik, Efisiensi, Oplosan Pertamax, korupsi Pertamina dan ANTAM yg record breaking, terus yang terakhir itu RUU TNI.
 Sebenernya dari tahun lalu trend nya udah keliatan...",makan siang gratis,0,,
259,53150,1899419715803512857,11/03/2025 18:18:00,"Goblok kuadrat. Makan gratis cuman makan siang doang. Emang ngaruh? Kalau dana makan gratis dialihkan buat buka lapangan kerja tuh anak2 bukan cuman bisa makan SIANG bergizi, SARAPAN, dan makan MALAMnya pun bisa bergizi.",makan siang gratis,0,,
260,53356,1846917595595002243,17/10/2024 21:14:00,Makanan gratis berakhir di puskesmas 🤤 orang bodoh mah harusnya dikasih ilmu dikasih pendidikan yang layak entah fasilitas ataupun tenaga kerjanya. Kalo negara onoh mah disogok makan siang,makan siang gratis,0,,
261,54531,1888150247152726457,08/02/2025 15:57:00,"Gak make sense. Si anak dapet makan siang, sedangkan bapaknya di-PHK gegara efisiensi anggaran. Kalo kamu jadi anak SMP lebih milih mana? Dapet makan siang gratis tapi bapakmu di-PHK atau gak dapet makan siang tapi pekerjaan bapakmu aman?",makan siang gratis,0,,
262,54550,1888123809594737142,08/02/2025 14:12:00,"Mending makan siang gratis diberhentiin aja terus lebih gencarin bangun sektor pendidikan, kesehatan, dan buka lapangan pekerjaan yang ga pake syarat maksimum usia dah daripada begini apa-apa dipotong buat efisirnsi tapi duitnya dibuang buang demi makan siang gratis 🤷🏻‍♂️",makan siang gratis,0,,
263,60326,1976106788702601314,09/10/2025 9:05:00,"Mbok ya dihentikan saja perdebatan yg ga produktif semacam ini. Mestinya muaranya juga akan sama, evaluasi dan perbaikan pelaksanaan MBG di lapangan secara terus menerus. Demi kepentingan anak-anak di sekolah sbg penerima manfaat utama program MBG",keracunan mbg,0,,
264,60809,1972300180042260730,28/09/2025 20:59:00,Kalau bicara manfaat nya utamakan keadilan sosial bagi seluruh rakyat...jangan di sana sudah keracunan karena memakan MBG sedangkan di daerah lain satu pun belum kebagian.,keracunan mbg,0,,
265,65262,1978481432512327767,15/10/2025 22:21:00,"please dong ini program distop dulu. banyak korban keracunan, harga bahan2 pangan makin naik gara2 ini program, food waste makin nambah. rakyat lu menjerit wok gegara program ini. hentikan dan evaluasi mbg scr menyeluruh.",keracunan mbg,0,,
266,65263,1978478698115535291,15/10/2025 22:10:00,"Yg jijik itu masih banyak pejabat korup yg udh naek haji, sama jijik kebijakan dan perkataan elit politik yg mengganggap keracunan MBG sbagai hal yg ter normalisasi dan dianggap sbgai data statistik",keracunan mbg,0,,
267,65518,1978146849551679844,15/10/2025 0:12:00,"ampun dah ini rezim selalu nganggep permasalahan yg ada cuma dari angka statistik. kemarin data keracunan mbg juga dibilang cuma sedikit. skrg juga dibilang cuma sedikit. mau dikit atau banyak, itu semua tetep manusia pak. harusnya ditangani biar zero case",keracunan mbg,0,,
268,66361,1972583593303216595,29/09/2025 15:45:00,"Ortu sering wanti-wanti buat hati-hati sama mbg. Ibarat makanan ga seberapa, tapi risikonya keracunan. Soalnya beberapa kali dapat makanan asem dan bau, bahkan pernah sampai diare. Agak sedih karna ortu udah effort masak dirumah, eh anaknya dikasih makanan kurang layak 😔",keracunan mbg,0,,
269,66375,1972579669909356809,29/09/2025 15:30:00,Pejabat yang nggak merasa apa-apa ribuan anak-anak kesakitan meregang nyawa akibat keracunan MBG adalah BANGSAT!,keracunan mbg,0,,
270,66499,1972552122471440521,29/09/2025 13:40:00,"Itu Biro Pers Istana koplak tolol ya. Mustinya bersyukur ada jurnalis tanya soal MBG, dan publik akhirnya tahu bagaimana respon Presiden. Publik akhirnya tahu Presiden merespon serius kasus keracunan MBG itu. Tanpa ada jurnalis, image Presiden akan buram soal MBG.",keracunan mbg,0,,
271,66539,1971720221594665361,27/09/2025 6:35:00,"Harus ada yg tanggung jawab. Gak bisa cuma permintaan maaf. Sebagai orang tua, pasti gak rela & gak tega anaknya jadi korban keracunan. Wong mereka gak minta2 dikasih MBG kok. Ini inisiatif prabowo aja. Lebih kuat unsur politisnya. Gak well prepared, yg penting bisa naikin citra.",keracunan mbg,0,,
272,66725,1971600255755137177,26/09/2025 22:38:00,Bisa bisa nya keracunan. Anak2 makan jajanan pinggir jln aja ga ada yg keracunan. Sekelas MBG masa bs keracunan. Ga bisa masak kah? Kesalahan kualitas bahan baku kah? Malah Blunder lg.,keracunan mbg,0,,
273,66742,1971597390584193118,26/09/2025 22:27:00,"Banyaknya keracunan yang terjadi akibat MBG, sudah bisa dijadikan alasan untuk memberhentikan program ini. Mungkin bisa diubah cara penyalurannya?, seperti orang tua murid diberikan uang sekian, kemudian nantinya guru mengecheck ketika di sekolah, sudah sesuai apa belum.",keracunan mbg,0,,
274,66752,1971596100462317702,26/09/2025 22:21:00,"Jangan-jangan apa ini teori konspirasi pesugihan Anggota Dewan ya, Kalo kita rakyat dijadiin tumbal lewat MBG, contohnya kemarin banyak yang keracunan....",keracunan mbg,0,,
275,66765,1971593214819004565,26/09/2025 22:10:00,"Yayasan tempat sekolah adek gue dulu akhirnya nolak MBG karena banyak kasus keracunan wkwk yayasannya ngelola SD dan SMK, dan semuanya gak ada yg mau nerima MBG wkwk kata tetangga gue, soalnya ortu muridnya banyak ""aparat"" jd takut kenapa2🤣 alhamdulillah ibu2nya jd pada tenang",keracunan mbg,0,,
276,70158,1970473578136285240,23/09/2025 20:01:00,"Benar2 gila...biadab...anak2 bangsa ini di kasi makan MBG yg terkontaminasi mcm2 kebusukan2, anak2 yg tadinya sht2 malah jdi keracunan masak dimana2...,dan heran nya dianggap sepele dan di lanjutkan oleh penyelenggara negara,yg hrsnya di Evaluasi total..!!",keracunan mbg,0,,
277,70403,1970411021186801789,23/09/2025 15:52:00,Gak usah cari kambing hitam broo.Udahlah hentikan dulu MBG demi keselamatan anak tunas generasi kedepan bangsa sampai semua permasalahan terkait keracunan MBG tsb di usut tuntas.,keracunan mbg,0,,
278,70714,1975567948120314188,07/10/2025 21:24:00,"pliss ponakan aku kelas 2 SD hari ini dpt mbg pertama kali. trs tadi pas ngobrol dia nyeletuk ""makan beracun gratis"" ALDJSKJF trs aku tanyain donggg dia tau term itu darimana trs dia bilang nonton berita keracunan di tv 🥲🥲🥲",keracunan mbg,0,,
279,71353,1974837444035088593,05/10/2025 21:01:00,"Coba peke pola pikir orang bodoh deh pak. Nga usah bangun dapur MBG bikin aja dapur di sekolah sajikan prasmanan ke siswa, makan fresh saat disajikan pasti 11rb% pasti nga ada yg keracunan. Pikiran org pintar pasti ada yg nga setuju pendapatan ilang kalo bangun dapur di sekolah",keracunan mbg,0,,
280,71487,1959986932378960243,25/08/2025 21:31:00,"iya, anak2 di rumah juga udah saya kenalin makanan basi itu kek gimana, belum mateng gimana, tp ya ttp aja kekhawatiran itu ada. apalagi ini Indonesia, keracunan gk hanya terjadi pas MBG, momen hajatan aja bisa jadi keracunan massal.",keracunan mbg,0,,
281,71534,1959905867568226705,25/08/2025 16:09:00,"benci banget kasus keracunan mbg ini cuma dianggep 'angka' sama pemerintah, mentang-mentang mereka gak keracunan terus bodo amat sama rakyatnya🙃",keracunan mbg,0,,
282,71587,1959814266661613620,25/08/2025 10:05:00,"Harusnya dipayungi hukum sih ini MBG karna kasus begini ga sekali dua kali, vendor yg dapet jatah buat penyedia makanan ada sanksi hukum apabila terjadi kelalaian makanan basi dan berujung keracunan",keracunan mbg,0,,
283,71656,1959487298174910871,24/08/2025 12:25:00,"PEJABAT TOLOL yg jadi ketum partai... gw minum susu dgn kadar lemak tinggi pasti mencret, krn lemak itu sifatnya asam, nggk cocok utk yg punya penyakit maag. Coba minum yg low fat nggk bakalan mencret. Itu murid keracunan, krn makan makanan sampah dari MBG...",keracunan mbg,0,,
284,71819,1958583685957263594,22/08/2025 0:35:00,"Orang yang mau jadi wakil rakyat itu harus mewakili juga penderitaan rakyat. Ga soal transportasi doang, tapi harus ngerasain keracunan MBG dan badan digerogotin cacing sampe meninggal.",keracunan mbg,0,,
285,71995,1957278503248015534,18/08/2025 10:08:00,Keracunan udh sebanyak itu tp wowok dengan imajinasinya terus²an mengganggap mbg sukses besar 🤲🏻😭,keracunan mbg,0,,
286,71996,1957278503248015534,18/08/2025 10:08:00,Keracunan udh sebanyak itu tp wowok dengan imajinasinya terus²an mengganggap mbg sukses besar 🤲🏻😭,keracunan mbg,0,,
287,72013,1957026952789000217,17/08/2025 17:29:00,"najis, kata adekku aja mending gaada mbg daripada mbg kaya gini. apalagi sekolah deket adekku ada yang pernah keracunan mbg",keracunan mbg,0,,
288,72017,1956979527856570607,17/08/2025 14:20:00,"Prabowo gak bakal menang di 2029 liat aja MBG segitu ratusan siswa keracunan anggaran MBG naik jdi 335 T dri pendidikan...parah bukannya urus mutu pendidikan dgn naikan gaji guru honorer mlh program yg ujung nya ke septic tank jor2an bgt , PENGANGGURAN parah gak jelas solusinya.",keracunan mbg,0,,
289,72023,1956968985485832537,17/08/2025 13:38:00,"utang negara aja banyak, programnya udh terbukti ga maksimal mau lanjut dijalanin lagi pake biaya super fantastis, padahal banyak kasus keracunan, upah pekerja di balik MBG yg belum dibayar, emg sengaja mau dibubarin apa ya ini negara😭",keracunan mbg,0,,
290,72033,1956881824241914131,17/08/2025 7:52:00,"”Dia ini kalau yapping mikir dulu ga sih...🥴... Udah gitu jarang nyinggung tentang masalah kasus keracunan akibat MBG, atau gaji pegawai dapur MBG yang ga dibayar, malah ngoceh hal yang lain... 11-12 sama menterinya kemarin bilang siswa jadi jago bahasa Inggris karena MBG..🤣..”",keracunan mbg,0,,
291,72042,1956769091798413395,17/08/2025 0:24:00,Kenapa pak Prabowo gak pilih pendidikan gratis? Takut Rakyat pintar didemo ...kalok kasih MBG kan kenyang Gak didemo...malah keracunan,keracunan mbg,0,,
292,72047,1956746737550606660,16/08/2025 22:55:00,"Sedih amat ya, tapi alokasi MBG kalo dialihkan bisa lebih berguna sih.... Dibanding abis dapet MBG masuk rumah sakit keracunan",keracunan mbg,0,,
293,72048,1956739950684360976,16/08/2025 22:28:00,"Tolong jelaskan bagaimana cara merdeka dari kebodohan dengan APBN pendidikan kita yg cuma 757 Triliun (2026), diambil untuk MBG, 335 Triliun, hampir separuh terbuang hanya untuk makan makan yg kadang tidak enak kadang juga buat keracunan.
 Yg kami butuhkan bukan retorika semata.",keracunan mbg,0,,
294,72051,1956724821355847792,16/08/2025 21:28:00,"bener, program mbg yg bikin keracunan lebih dari 1000 anak kan masuk berita jepang ya pak, kan itu sebuah prestasi buat bapak",keracunan mbg,0,,
295,72053,1956719552873791896,16/08/2025 21:07:00,Ponakan ku baru aja sembuh setelah keracunan MBG dan ini bukan kasus pertama di kelasnya.. bibi kantinnya curhat ayam sama bebeknya jadi gemuk karena food waste program ini.. memang konsepnya money wasted aja sih sepertinya,keracunan mbg,0,,
296,72064,1956685146289004873,16/08/2025 18:51:00,Program MBG tdk berhasil krn makanan bergisi mengandung racun.. banyak anak-anak di kupang NTT dilarilan ke IGD krn keracunan.. HIDUP JOKOWI,keracunan mbg,0,,
297,72068,1956648147377389734,16/08/2025 16:24:00,"Pidato kenegaraan Prabowo 15 Agustus 2025 ambisius, fokus pada MBG (sukses cipta 290 ribu kerja, tapi kritik soal kasus keracunan & monitoring lemah), penurunan pengangguran ke 4,76% (tapi data BPS dinilai tak gambarkan sektor informal tinggi), & ekonomi 5,12%. Positif untuk visi",keracunan mbg,0,,
298,72072,1956641201752543617,16/08/2025 15:56:00,"coba hitung...
 sejak ada MBG, sudah berapa ribu siswa yang keracunan dan sudah berapa ribu belatung ditemukan dalam makanan MBG...???",keracunan mbg,0,,
299,72088,1956570230005653524,16/08/2025 11:14:00,"Anggaran sebanyak ini bisa banget dialokasikan ke sektor yang lebih penting dan mendesak. Tujuan MBG buat pencegahan stunting kan sasarannya juga kurang tepat. Belum lagi kasus keracunan, banyak vendor yang belum dibayar, sampah makanan, celah korupsi. Gak efektif.",keracunan mbg,0,,
300,72100,1970270336110469211,23/09/2025 6:33:00,"Lately anak akan parno setiap kali terima makanan. Mrk makin males nyentuh MBG saking seringnya kasus keracunan, mknan basi, belatungan, atau kadaluarsa. Org tua akan suruh anaknya jajan/makan siang di kantin, atau bekal dr rumah. Potensi makanan mubazir akan jauh lbh besar lagi.",keracunan mbg,0,,
301,72104,1970266678081835130,23/09/2025 6:19:00,"Allahuakbar hampir tiap hari liat berita keracunan MBG, gimana sih ini pemerintah udah banyak kasus begini masih diem² aja",keracunan mbg,0,,
302,72110,1970259693630325120,23/09/2025 5:51:00,"Enggak gitu konsep Bambang, untuk Maslah nampan saja sudah bermasalah berarti emang proyek bermasalah sebenarnya, mulai dari nampan, pendaan yang gak cukup, dan keracunan berarti menambah gagalnya proyek mbg.",keracunan mbg,0,,
303,72116,1970256147723817361,23/09/2025 5:37:00,"Stop program MBG, program gagal yang dipaksakan, anak anak yang jadi korban keracunan, bapak dan ibu guru yang mulia, bantu agar stop program ini, sudah terlalu banyak anak anak menjadi korban.",keracunan mbg,0,,
304,72118,1970249499756093696,23/09/2025 5:11:00,"Hai Bp @prabowo
 Bp sjatinya tahu nggak btapa joroknya & tdk becusnys tata kelola MBG ? Mau sampai kapan hal spt ini dibiarkan ? Jorok bget sih, pantas sj byk Pelajar2 yg keracunan, coba tuh suruh Menteri2 Bp ikut jg makan Program MBB",keracunan mbg,0,,
305,72122,1970246369110827123,23/09/2025 4:58:00,"Iyaa proyek MBG lebih menjanjikan CUAN tambahan bagi PENJAHAT"" NEGARA, tak peduli RAKYATnya KERACUNAN setelah makan MBG bukannya malah SEHAT justru malah SAKIT, dan sangat MANIS utk di KORUP...😈😈😈",keracunan mbg,0,,
306,72123,1970245745925312857,23/09/2025 4:56:00,"Saya juga berpikir demikian, program MBG baru akan dievaluasi kalo sudah ada korban mati keracunan. Kamu bilang gitu karena kamu gak punya kerabat yang punya riwayat masalah pencernaan, kami yang ada anggota keluarga punya masalah pencernaan selalu ketar ketir dengan MBG.",keracunan mbg,0,,
307,72127,1970241868639412702,23/09/2025 4:40:00,"Belum lagi itu diaspora2 penjilat ikutan menikmatin fasilitasnya sambil posting2 bahagia sementara di minggu yang sama berita ratusan anak2 keracunan karena MBG. Wallahi, these people are getting the fast track ticket straight to hell.",keracunan mbg,0,,
308,72141,1970203398130802826,23/09/2025 2:07:00,"Ya, kasus keracunan makanan dari program MBG bisa dipidanakan di Indonesia jika terbukti ada kelalaian atau pelanggaran. Berdasarkan UU Pangan (diubah UU Cipta Kerja Pasal 64), pelaku yang sengaja produksi makanan tidak aman bisa dipidana hingga 2 tahun penjara atau denda Rp4",keracunan mbg,0,,
309,72952,1971333073058115835,26/09/2025 4:56:00,"Keracunan tu gak enak bgt coy, beda sama sakit2 yg lain. Rasanya ky dah waktunya gt dan ya Tuhan pokonya seserem itu deh. Smoga yg keracunan mbg segera sembuh dan dilipatgandakan ke elit pemerintah yg goblok2 bgt itu",keracunan mbg,0,,
310,72965,1971315432574550321,26/09/2025 3:46:00,"sebagai orang tua dg 4 anak, dan 3 anak yg masuk di bangku pendidikan, kekawatiran muncul dg banyaknya kasus keracunan MBG dri pemerintah. lebih baik bpk @prabowo di evaluasi ulang program MBG dari pemerintah. fokus ke pemulihan ekonomi masyarakat.",keracunan mbg,0,,
311,72983,1971293645035929873,26/09/2025 2:20:00,"org org ini kapan sadar sih kalo kasus keracunan mbg itu ga boleh hanya dilihat sbg data statistik “harusnya kalo keracunan 1 sekolah, kok ini CUMAN 20” yeu kocak dipikir 20 itu angka apa sih ajg. 20 orang tuh kalian lihat sebagai angka kosong doang kah? itu ada nyawanya 😭",keracunan mbg,0,,
312,72989,1971286584705368162,26/09/2025 1:52:00,"Kecuali klo MBG ini udah jelas perencanaan, sistem pelaksananya direncanakan dengan baik, pelaksanaan bertahap sambil diimprove alih-alih ngejar target langsung skala besar, terus scale up sampe bagus, terus terjadi keracunan nah baru bisa itu pakai solusi yang lu sebut.",keracunan mbg,0,,
313,72998,1971280875963941282,26/09/2025 1:29:00,"Bagaimana ya perasaan orangtua yang kemarin memilih gemoy dan kerap meneriakkan program MBG saat kampanye, trus anaknya jadi korban keracunan MBG?",keracunan mbg,0,,
314,73167,1971227462127518172,25/09/2025 21:57:00,"Gua curiga dah MBG sengaja diracunin biar ada alesan aja buat berhentiin ini program karena anggarannya kegedean. Masa iya tiap daerah keracunan bikin makanan, kalah sama bobon nih pemerentah huh👎🏼",keracunan mbg,0,,
315,73171,1971226292537393569,25/09/2025 21:52:00,"Sebagai guru, timbul ketakutan kalau sekolah kami dapat MBG. Apalagi berita keracunan makin masif. Udhlah selama ini mmg udh jd perawat karena anak2 lari2 aja kadg bs jatuh dan harus dikasi penanganan pertama. Sangat tidak bs dipercaya program ini.",keracunan mbg,0,,
316,73174,1971225898008596647,25/09/2025 21:50:00,"SERUAN STOP MBG Makan Beracun Gratis dari budget&daya beli lemah setelah dievaluasi total SUATU SAAT KELAK PASTI AKAN TERJADI LAGI KERACUNAN MAKAN BERACUN GRATIS,SAYANGI anak2x kita,anak kita anak mereka,anak mereka anak kita GENERASI PENERUS BANGSA INDONESIA.",keracunan mbg,0,,
317,73225,1971220004436910138,25/09/2025 21:27:00,"gua kesel bgt ajg temen gua yg voters 02 setiap kali ada bahas soal keracunan MBG jawabannya ""ya itumah gimana anaknya gasih, ga semuanya juga kok. kalo emg kenapa² harusnya semuanya gasi bukan beberapa org doang. kan yg masak ga cuma buat 1 sekolah"" KONTOLLLLL",keracunan mbg,0,,
318,73286,1971209075649282221,25/09/2025 20:44:00,"Pak,boleh gak anak bapak atau cucu bapak ikut nyobain MBG yg bikin orang keracunan itu? Rambutnya rontok kiraen karna pinter taunya karna setres",keracunan mbg,0,,
319,73304,1971207038102544722,25/09/2025 20:35:00,"Jgn cuma lihai lempar tgung jwb ke Pemda Pak. Klw pusat ksih izin edar MBG tanpa pengawasan ketat, brti pusat jg ikut menyuapi racun ke rakyat. Jgn giliran rakyat keracunan, Pemda disuruh jd kambing hitam, smentara pusat pura2 cuci tangan. Negara ini butu kepemimpinan, bkan dalih",keracunan mbg,0,,
320,73305,1971206956254925145,25/09/2025 20:35:00,"PADA MATI KERACUNAN MAKANAN GEK LU PADA YANG DUKUNG PROGRAM MBG. GUA UDH DI TAHAP KESEL BANGET ANJINGGGGGG. PROGRAM GAK JELAS TAI KUCING, MAKANAN BANYAK YANG KEBUANG KONTOL",keracunan mbg,0,,
321,73331,1971204291655561604,25/09/2025 20:25:00,"Saya kesel dan muak banget kalo denger statement pejabat2 terkait yg menyepelakan kasus keracunan MBG dengan bilang ""Yg keracunan persentasenya sedikit, hanya sekian ribu siswa dan cuma sekian persen saja""",keracunan mbg,0,,
322,73336,1971203677076717880,25/09/2025 20:22:00,"Jujur saja rasanya aneh, masalah keracunan MBG ini. Kok bisa. Anakku ada 3, ada yg TK SD dan SMP. Ketiganya dapat MBG, awalnya katanya anakku rasanya g enak hambar. Setelah di protes, sekarang kata anakku rasanya enak.",keracunan mbg,0,,
323,73345,1971202664571842710,25/09/2025 20:18:00,"Niatnya sih baik👉agar para siswa terpenuhi gizinya setiap hari shg bisa tumbuh kembang menjadi anak sehat, kuat & cerdas demi masa depan cerah.
 Namun faktanya malah banyak yang keracunan & sakit. Kalau MBG tidak dievaluasi atau dihentikan maka tinggal tunggu waktu ada yg tewas.",keracunan mbg,0,,
324,73401,1971197267790176359,25/09/2025 19:57:00,"Eh rill ada tetangga gue jg bilang gini pas di tv sama berita di hp berseliweran soal mbg yg keracunan, masa dia bilang ""ini tuh siapa sih yg jahat mau ngejatuhin nama pak wowo sampe tega dibikin keracunan dimana-mana gini, banyak bgt yg iri sama pak wowo"" muntah gue dengernya",keracunan mbg,0,,
325,73409,1971196578351415772,25/09/2025 19:54:00,"Luu cobain deh tuu mbg yg bikin keracunan, baru buat statment tolol kek gini, gw yakin juga ini bapaknya blm pernah ngrasain diy burger mbg sama makan ikan hiu mbg 😏",keracunan mbg,0,,
326,73438,1971193650504982996,25/09/2025 19:42:00,"Kemarin anak saya bilang dia dan teman-temannya takut ""diracun"" karena MBG. Keracunan akibat MBG bukan cuma tentang mereka yang terdampak langsung, tapi juga anxiety dan fear diantara para siswa lainnya. Sebaiknya dihentikan sementara sebelum mereka mesekuritisasi sendiri",keracunan mbg,0,,
327,73464,1971190696280457501,25/09/2025 19:30:00,"Uang negara kalo gak di korupsi pejabat2 negara yg tamak pasti bakalan bermanfaat buat memajukan negara, ya salah satunya mencerdaskan kehidupan bangsa. Lah ini anggaran pendidikan malah dicomot buat mbg yg bikin anak sekolahan terancam dalam bahaya, kasus keracunan. 🤯",keracunan mbg,0,,
328,73940,1961125659784483148,29/08/2025 0:56:00,"BPJS mau dinaikin, kelas pekerja anak dan gurunya dikasih MBG yang bikin mereka keracunan, PHK di mana - mana tp gak ada kebijakan strategis, pasar kerja ancur lebur, sertifikasi K3 diperes sampai >2.000 persen, guru & dosen gajinya dikit, BAGIAN MANA KITA BELUM ANCURNYA?",keracunan mbg,0,,
329,73951,1961112416089247993,29/08/2025 0:03:00,"pas kemarin juga banyak yg berisik ""orang2 gk punya motor, gak punya hp, tapi butuhnya makan"" (kalo diinget2 lagi, program 1 & 3 waktu itu bbm sama internet gratis) sekarang? mbg awur2an, pada keracunan, ditambah katanya nampannya pake minyak babi. makan tuh makan gratis",keracunan mbg,0,,
330,73958,1961108287136625129,28/08/2025 23:47:00,"warga demo smpe makan korban ga ada yg melek trs malah wfh, yg bikin melek cm kabar seuprit klo MBG berhasil WKWKWKWKWK pdhl bnyk jg yg keracunan tp kyk budeg gitu. gini lah anak-anak, klo milih presiden yg penjahat HAM",keracunan mbg,0,,
331,74089,1960951445748113903,28/08/2025 13:23:00,"Astaghfirullah. Udah paling bener MBG diberhentikan aja daripada makin banyak yang keracunan, nah ini apalagi sampel makanan terkontaminasi bakteri. Mendingan kasih pendidikan gratis, bener dapat meringankan ortu anak.",keracunan mbg,0,,
332,74164,1960866181319156108,28/08/2025 7:45:00,"soal rasa menurut aku gapapa dipaksain yg penting 5 sehat 4 sempurna, sama hal nya diet harus makan yg kurang asin/manis bahkan makan makanan hambar. Tapi di berita udah ada yg keracunan MBG dan jatah di kelas adek ku kls 1 SD minggu kemarin juga basi telur rebus nya 😔😔",keracunan mbg,0,,
333,74359,1968825431143927856,19/09/2025 6:52:00,"Realita yang menyedihkan ya, mana kebanyakan di tiktok sama FB isinya sama kalau ada postingan soal MBG baik menu ataupun keracunan. Narasinya selalu sama ""presiden ga terlibat"", ""salah vendornya"", ""harus bersyukur dan berterima kasih karena udah dikasih makan"".",keracunan mbg,0,,
334,74365,1968821929676050612,19/09/2025 6:38:00,"Keracunan sampe begini ini bisa dibilang menuju fatal, ndak pernah bosen bilang bahwa warga kurang mampunya dibunuh pelan pelan lewat MBG demi mengurangi angka kemiskinan",keracunan mbg,0,,
335,74372,1968819232440803499,19/09/2025 6:27:00,"banyak counter argumen kayak gini soal keracunan mbg. seandainya lu keracunan di restoran, lu bakal panggil siapa coba? manajer kan, bukan yang masak. “tapi kan ini negara skalanya lebih gede dari restoran?!?!” ya salah siapa coba ngurus negara kayak ngurus warteg",keracunan mbg,0,,
336,74377,1968817034621304850,19/09/2025 6:18:00,"Sepupu gue yabmng dapet mbg pagi tadi sarapan bareng gue sambil curhat masalah alergi sampe keracunan udah dua kali dia dan teman-temannya rasakan kebanyakan karena sebagian besar temennya gak bisa makan mie, udang, sampai alergi sama micin.",keracunan mbg,0,,
337,74378,1968816828412580051,19/09/2025 6:18:00,"Sepertinya lebih bijak kasih BLT atau perluas lapangan kerja atau perbesar jaring pengaman sosial saat ini daripada MBG. Temuan-temuan di lapangan justru MBG gagal, entah dapurnya tutup, makanan tidak layak, bikin anak sekolah keracunan, dst.",keracunan mbg,0,,
338,74381,1968814778014408953,19/09/2025 6:09:00,"Buat orang tua makin takut anak2nya makan MBG, lebih baik bawa bekal dari rumah, aman, bunda. Keracunan bisa menjadikan cacat, bahkan kanker apabila dicampur dengan minyak oli mesin.",keracunan mbg,0,,
339,74391,1968811249329721524,19/09/2025 5:55:00,"Yang punya kewenangan dan kuasa itu Yakult, yang disalahkan orang lain. Kl memang otak gak bisa nyampe mencerna mending ikut program MBG, tak doain keracunan dan pindah alam aja",keracunan mbg,0,,
340,74397,1968809513785389480,19/09/2025 5:49:00,ofc it'd be best if the program just stopped altogether but im hoping that dgn sekian banyak anak yg keracunan mbg semua sekolah bakal serentak stop bagiin mbg ke murid-muridnya lg bc holy shit its not worth the risk 😭 thats not food thats POISON,keracunan mbg,0,,
341,74574,1968678260432155126,18/09/2025 21:07:00,Program MBG hanya menjadikan lahan baru buat Korupsi / dan juga tidak merata diseluruh Sekolah di daerah daerah ( Menu juga kadang tidak sesuai standart kesehatan yang ditentukan makanya banyak terjadi keracunan,keracunan mbg,0,,
342,74577,1968676541849587865,18/09/2025 21:00:00,Hentikan MBG dari pada hanya buat anak anak mati sia sia....keracunan makanan...lebih duit dari rakyat untuk pembangunan sekolah didesa desa atau di kota yang masih kurang fasilitas belajar nya.,keracunan mbg,0,,
343,74578,1968676351486890448,18/09/2025 20:59:00,"karena banyak yg aman-aman aja bukan berarti baik-baik aja, dalam semua hal termasuk MBG kalo ada masalah itu harus dievaluasi, apa mau nunggu semuanya kebagian keracunan dulu baru mau evaluasi, pemilik program juga gak bisa ngasih anggaran langsung lepas tanggungjawab begitu aja",keracunan mbg,0,,
344,74717,1968644589721375005,18/09/2025 18:53:00,"I mean mbg ini kan makanan ya, makanan org org mau se sembarangan makan jg enggak semudah itu keracunan, ini program dibikin sama pemerintah ulet bulu gendut itu, tapi kasus keracunan banyak bgt, beliin cilok aja wo drpda lu kasih makan beracun.",keracunan mbg,0,,
345,74718,1968644476647141411,18/09/2025 18:53:00,"sebetulnya engga salah salah amat sih pawowo untuk MBG ini, tapi bawahannya bawahannya tai jugaa udah di korupsi + kasih bahan makannya dikurangin/sisaan (mungkin) makanya bisa jadi keracunan gini. emang pada tai ajaa manusia manusia yang kaya gini. pawowo pengawasanya dong pakk",keracunan mbg,0,,
346,74753,1968637184887455827,18/09/2025 18:24:00,"Apesnya, gua tau berita ini tadi sore melalui tiktok. Baca komen di sana auto migrain. Bisa-bisanya pada nuduh voters paslon lain penyebab di balik kasus keracunan MBG ini. Menurut teori mereka semua ini ada campur tangan barisan sakit hati. 💆🏻",keracunan mbg,0,,
347,75192,1965320972770443345,09/09/2025 14:46:00,"Ga mungkin dihentikan total sih nder, tp mungkin kita bisa nuntut buat dievaluasi kembali? Kasih MBG ke sekolah yg emg mayoritas siswanya dari kalangan menengah kebawah aja, gausah smua sekolah. Banyak bgt kasus anak sekolah gamau makan, jadinya food waste. Belum lg yg keracunan",keracunan mbg,0,,
348,75202,1965301104197206400,09/09/2025 13:27:00,"Bukan soal situasi demo aja pak yg tidak sesuai laporan. Laporan mentri-mentri bapak juga gak sesuai dengan kenyataan di lapangan. Lapirannya abs, asal bapak senang. MBG sudah bolak-balik anak2 dan guru yg mencicipi keracunan, dapat makanan basi, berulat/berbelatung ... Tapi yang",keracunan mbg,0,,
349,75203,1965298923620499466,09/09/2025 13:19:00,"Lagian MBG udah banyak yg keracunan tapi presidennya tetep tutup mata seakan2 program dia tuh berhasil, gue yakin dibalik program itu pasti korupsinya gede bgt tp blm ketauan aja.",keracunan mbg,0,,
350,75206,1965289455117603106,09/09/2025 12:41:00,"Udah gitu ada mbg yang bikin keracunan lagi, heran banget ko bisa sih, sengaja apa gimana, masa ga diperhatiin bahan2nya dan cara masaknya, buang2 duit karna pasti juga anak2 gamau makan kalo liat wujud mbgnya kaya gitu kan.",keracunan mbg,0,,
351,75211,1965283662309851420,09/09/2025 12:18:00,"Setuju, program MBG memang didanai pajak rakyat, jadi bukan ""gratis"" sepenuhnya. Soal keracunan & menu tak bergizi: Berita BBC & Kompas laporkan ribuan siswa keracunan massal di berbagai daerah (NTT, Jogja) sejak Juli 2025, bikin trauma. INDEF desak moratorium untuk evaluasi,",keracunan mbg,0,,
352,75212,1965283526263423385,09/09/2025 12:18:00,"ini aja masih belum menyeluruh anjr, gilaa gila. program tolol, mubazir, banyak yg keracunan, makanan kek sampah ga bergizi tapi herannya masih aja ada yg dukung nih program gajelas. 02 voters klo ngeliat org protes tetangga mbg disuruh bersyukur terus ngentot emg",keracunan mbg,0,,
353,75225,1965242659137819021,09/09/2025 9:35:00,"udah setoppp mbg ini, bikn APBN bengkak, ujung2nya yg naik pajak. masalahnya review mbg ini juga ga ada yg bagus, keracunan, ada ulet lah di makanan🤦‍♀️",keracunan mbg,0,,
354,75227,1965181047697801454,09/09/2025 5:30:00,"cocoknya mbg ini kalau indonesia emang udah stable secara birokrasi, finansial, dan pendidikan sih :/ masalahnya semua hal itu belum terpenuhi. alhasil ya gini, vedor kewalahan belum dibayar, anak anak keracunan, guru makin repot",keracunan mbg,0,,
355,75239,1965049828263739676,08/09/2025 20:49:00,"Pantas tetap dipertahankan ini MBG, bayangin sehari 1,2 T. Mana bukan MBG itu, banyak keracunan, makanan engga layak, tempatnya pun di impor dri China, padahal ada pengusaha lokal. Tp mau heran, ini pejabat Indonesia demen banget KORUPSI.",keracunan mbg,0,,
356,76330,1969233687888777646,20/09/2025 9:54:00,"ajggg makin banyak aja kasus keracunan mbg, adek gue ga akan gue biarin makan mbg dah, mending gue tambahin duit jajan nya daripada jadi ngeluarin duit buat berobat",keracunan mbg,0,,
357,76331,1969233559048147121,20/09/2025 9:54:00,"Gue sempet dimaki2 di fb dan di mess dihujat sm ""temen baik"" gue. Gue dah yakin sih ni program gak bakal running. Secara bansos yg sebeduk sekali aja ladang korupsi, apalagi ini yg rutin setiap hari? Terakhir gue denger anaknya keracunan MBG dan dia harus pulang dr Taiwan 🤦‍♀️",keracunan mbg,0,,
358,76389,1969203820686086226,20/09/2025 7:55:00,"Ini pengelola mbg bodo atau bgmn, pastinya mereka sudah tau banyak kasus keracunan di daerah lain, knpa tidak bisa menjaga kualitas produknya?🤦‍♂️🤯",keracunan mbg,0,,
359,76393,1969202822554980524,20/09/2025 7:51:00,Kalo masih pada babying si prbw ya minimal PJ di dapur MBG harus pada terbuka sih sebenernya ada apa sampe kasus keracunan nembuh 5000 kasus,keracunan mbg,0,,
360,76395,1969202183020130481,20/09/2025 7:49:00,eh bayangin seindonesia MBG udah bikin keracunan mana wadahnya gak suci gitu astaghfirullah dosanya siapa yang nanggung njir.,keracunan mbg,0,,
361,76398,1969201106820505946,20/09/2025 7:45:00,"Untuk para pembela MBG, jangan sampai kena di anak anda dulu baru protes. Dengan banyaknya kasus keracunan ini harusnya distop dulu programnya dan evaluasi.",keracunan mbg,0,,
362,76399,1969201043046105485,20/09/2025 7:44:00,"Inti nya harus di stop program MBG itu, udah byk kasus keracunan ini kok malah diam para pejabat y, kroscek dong .... Ada yg ga bener berarti program MBG ini",keracunan mbg,0,,
363,76403,1969199745655595363,20/09/2025 7:39:00,"Gak cukup hanya minta maaf, usut siapa di belakang ini seperti nya ada unsur kesengajaan, sudah berkali kali peristiwa seperti ini tapi pihak kepolisian tidak ada yang bertindak, apa nunggu ada anak PEJABAT yang keracunan MBG baru kepolisian bertindak mengusut...?",keracunan mbg,0,,
364,76047,1969195417159045310,20/09/2025 7:22:00,"Aku sdh bilang sejak lama bhw, anak² itu lbh suka makanan yg dimasak oleh ibunya. Program ini gak akan sukses, apalagi skrg pd trauma krn byk yg keracunan MBG. 🫢",keracunan mbg,0,,
365,76469,1969123523709825087,20/09/2025 2:36:00,yayasan MBG tuh punya regulasi atau sop ga ya? kenapa banyak kasus keracunan? gue awam bgt di dunia fnb tp lumayan fucked up jg klo baca berita ky gini,keracunan mbg,0,,
366,76478,1969102878317871174,20/09/2025 1:14:00,"Indonesia negara paling bobrok sumpah. Gila, kasihan banget anak yang keracunan MBG mana orang tuanya disuruh tanda tangan untuk bertanggung jawab kalau ada kenapa-kenapa. Tai.",keracunan mbg,0,,
367,76482,1969096697981661626,20/09/2025 0:50:00,"Dapur TNI itu ada di lemdik dan Batalyon, sudah diukur kapasitas berapa orang jadi ga mungkin keracunan. Kalo mbg ini satu dapur pasok makanan ke ribuan siswa, otomatis mereka masak subuh dikasi siang, makanan basi. Belum lagi dikorup duitnya, cuma 10k per orang dikorup pula.",keracunan mbg,0,,
368,76527,1969072028855452034,19/09/2025 23:12:00,"jujur setiap keinget mbg hati selalu sakit, all that money wasted, makanan byk yg wasted krn bnyak yg ga makan, program ga jelas no quality check atau apapun itu, se gajelas itu, krn bnyak kasus keracunan jg kyknya makin bnyak yg skip makan ini mah, bukannya meringankan malah",keracunan mbg,0,,
369,76538,1969064264015962250,19/09/2025 22:41:00,Keracunan semasif ini ga cuma dari satu sekolah loh. Menu mbg juga makin hari makin absurd. Dan masih denial gamau nyalahin si pelanggar HAM yg kekeh ngelanjutin program ga jelas ini?? Gws deh 20k likes,keracunan mbg,0,,
370,76549,1969054513370636605,19/09/2025 22:02:00,"Gw sedih bgt tiap baca berita ada anak sekolah yg keracunan karna mbg. 
 Apa kita ini cuma dianggp angka persentase aja? Korban diminta bungkam, memviralkan dikecam tapi seribu cara kalian coba buat tutupi. Jumlah korban dirumah sakit gabisa bohong.",keracunan mbg,0,,
371,77638,1978091967872397448,14/10/2025 20:34:00,"gila bgt ini mbg memakan korban keracunan lg, ada yg live di tiktok katanya sampe 200 siswa kurleb yg keracunan. ya Allah parah bgt itu",keracunan mbg,0,,
372,77653,1978084489717809358,14/10/2025 20:04:00,"Dapur mbg ga jelas kredibilitasnya, yang punya siapa, transparan anggarannya berapa, makanannya dimasak gimana, bahkan siswa sampe keracunan masal, eh ini masih aja dipalak😮‍💨😮‍💨😮‍💨",keracunan mbg,0,,
373,77666,1978067183159701921,14/10/2025 18:55:00,"Kasihan anak2 tak berdosa ini jadi kelinci percobaan :) kapan program ini berakhir? Udah difase capek, sedih, ga tau mau ngapain lagi liat berita MBG selalu seperti ini ""keracunan makanan"" red flag sekali negeri dongeng ini 😄",keracunan mbg,0,,
374,77671,1978063961242173464,14/10/2025 18:42:00,"justru orang yang bisa diajak bahas apa aja itu seru, dari bahas meme burem jelek, meme roblox absurd, hidup jokowi, mbg bisa bikin keracunan, seruuu :p https://x.com/andyfeili00/st/andyfeili00/status/1977345277133476313…",keracunan mbg,0,,
375,77694,1978030406097146306,14/10/2025 16:29:00,"Aku kalo jadi orang tua jg ogah kali nyuruh anak makan mbg. Mending bawain bekel dari rumah yang udah jelas asal usulnya. Tar dikasih mbg malah keracunan, klo kaya gitu ngadu ke siapa? Kan rakyat cuma persenan doang buat pemerintah🖕🏻",keracunan mbg,0,,
376,77696,1978029683959550056,14/10/2025 16:26:00,"Adekku di pesantren keracunan MBG, knp bisa aku bilang gitu? Krn sebelum ada program itu adek2 disana makanannya aman gaada fenomena sakit berjamaah sampai dibawa pulang dengan keluhan muntah dan demam. Sekarang udah di stop sih untungnya program konyol itu",keracunan mbg,0,,
377,77991,1972792281171398918,30/09/2025 5:35:00,"Ini masalah kesehatan n nyawa anak bangsa bukan bisnis yg dihitung matematis, ribuan anak yg keracunan n kluarganya pasti gak akan pilih Anda lg kalo nyapres lagi @prabowo #MBG",keracunan mbg,0,,
378,78181,1972645580385165344,29/09/2025 19:52:00,"Mending lu aja wok ama kabinet lu yg makan mbg, kalo keracunan kan cuman berapa persen tuh yak dari total penduduk Indonesia",keracunan mbg,0,,
379,78182,1972645486998999539,29/09/2025 19:51:00,Salah pertanyaan? Kl wartawan tsb tdk tanya ttg Keracunan MBG. Mungkin sampai Hari ini Pak Prabowo tdk tau Ada sekian Ribu kasus Keracunan MBG. Jelas Ada yg berusaha me nutup2i kasus Keracunan ke pak Prabowo.,keracunan mbg,0,,
380,78573,1972552122471440521,29/09/2025 13:40:00,"Itu Biro Pers Istana koplak tolol ya. Mustinya bersyukur ada jurnalis tanya soal MBG, dan publik akhirnya tahu bagaimana respon Presiden. Publik akhirnya tahu Presiden merespon serius kasus keracunan MBG itu. Tanpa ada jurnalis, image Presiden akan buram soal MBG.",keracunan mbg,0,,
381,78640,1971708851843223784,27/09/2025 5:49:00,eh udahan dong mbg nya.. makin banyak yg keracunan…. semua elemen masyarakat kena dampak… jahat bgt sih belagak ga ada apa-apa gitu ajg ga ngerasain lo keracunan secapek apa yang sampe kejang-kejang gitu,keracunan mbg,0,,
382,78697,1971659900121149585,27/09/2025 2:35:00,"dah gw bilang pejabat2 gausa pada rebutan masuk neraka gini deh, maluuuu sumpahh tiap hari cape bgt baca kasus keracunan ini, kata gw mah ini krn anak cucuk cicit nya belom ada yg kena jd nir empati gini tp yh kayanya anak cucu cicitnya ngga ngerasain mbg kali",keracunan mbg,0,,
383,78711,1971644145430417769,27/09/2025 1:32:00,"Paham gizi kalau ga paham cara ngolah makanan ya tetep aja potensi keracunan besar. Ngolah makanan skala kecil saja ga mudah, apalagi skala besar seperti MBG. preparation dll nya gmn? Penyimpanan bahan segar bagaimana? Itu bkn soal ahli gizi, tapi gimana cara ngolah dan nyimpan.",keracunan mbg,0,,
384,78784,1971604700266131684,26/09/2025 22:56:00,"Gimmick aja tapi masih makan gaji dari program yg buat banyak anak keracunan. Bukan menolak MBG, tapi kita belum mampu. Lebih penting tiap anak bisa sekolah daripada yg bisa sekolah dikasih makan.",keracunan mbg,0,,
385,90022,2031971890433306849,12/03/2026 12:53:00,"Punten ya Pak, mestinya Bpk melihat di balik itu. Knp anak brgkt ke sekolah dgn tidak sarapan? Kenapa makanan mrk di rumah tdk bergizi? Sy pikir ada bnyk masalah yg lebih fundamental yg harusnya diselesaikan, ketimbang memberi solusi mudah (tapi mahal) dgn hanya memberi MBG.",mbg,0,,
386,90026,2031759887462797516,11/03/2026 22:51:00,Investasi itu outpurnya berupa fisik dan spiritual kalo investasi di makan outputnya apa selain ee apalagi kita tau banyak MBG yg tidak bergizi sama sekali jadi jangan tutup mata juga,mbg,0,,
387,90032,2031672765061955740,11/03/2026 17:05:00,"Lucu sekali melihat orang yg tiap hari menjelekkan Program Makan Bergizi Gratis (MBG).
 
 Anak-anak dikasih makan bergizi oleh negara… mereka marah.
 Anak-anak yg selama ini sarapan saja tidak… mereka tidak peduli.
 
 Yang mereka ributkan justru:
 “Kenapa programnya besar?”
 “Kenapa",mbg,0,,
388,90045,2031618590642942380,11/03/2026 13:29:00,"Mbg skrg tidak akan membangun kualitas sdm tinggi, makanannya aj ga bergizi kok",mbg,0,,
389,90051,2031535011535720531,11/03/2026 7:57:00,"Ternyata saya baru sadar bahwa MBG itu program filantropi paling mulia abad ini. 
 
 Pengelolanya tidak mengambil keuntungan, bahkan setiap harinya melakukan kontribusi sosial dengan menambah menu bergizi lain di luar anggaan yg ditetapkan hingga 2-5 kali lipatnya demi pemenuhan",mbg,0,,
390,90053,2031518372333306287,11/03/2026 6:51:00,MBG it bagus tapi busuk ketika melihat menunya. Label bergizi tapi tidak sesuai,mbg,0,,
391,90056,2031412756755395012,10/03/2026 23:51:00,"mirisnya, tidak ada satupun tujuan yang anda sebutkan itu tercapai.
 
 banyak kasus keracunan, makanan juga jauh dari bergizi apalagi sampai menekan stunting wkwkw
 
 konsentrasi belajar??? banyak jam pelajaran terpotong untuk ngurus distribusi mbg.
 
 ekonomi pangan lokal? meningkat??",mbg,0,,
392,90058,2031393928583553363,10/03/2026 22:37:00,"Memang pada BEJAD2 SEMUA OTAK MARK UP DAN KORUPT INI SPPG MBG TIDAK BERGIZI...,BETUL DI BLACK LIST DAN LAPORKAN SPPG INI..,DI GANTI SAJA..",mbg,0,,
393,90061,2031366675900280914,10/03/2026 20:48:00,"Emang pak Prabowo tidak bisa memikirkan kah, menu MBG yg di kirim ke bapak itu pasti menu pilihan yg bergizi, lain fakta dilapangan,klo ingin tau coba turun lapangan tp rahasiakan sidak itu..jgn lapor sana sini..",mbg,0,,
394,90066,2031290802211790874,10/03/2026 15:47:00,"MBG yang katanya gratis masih kalah jauh dengan orang bagi takjil GRATISS.
 
 Sekali lagi GRATISSS. Tidak pernah ada kasus keracunan. MBG udah mahal, tapi buat keracunan
 
 Sebelum ada MBG juga rakyat masih bisa makan. Ini bukan program bergizi, ini korupsi yang dilegalkan UU",mbg,0,,
395,90068,2031275305059631417,10/03/2026 14:45:00,"Ketika lele mentah jadi menu MBG, maka tidak memenuhi definisi sebagai makan bergizi, karena belum siap jadi makanan. 
 
 Kalau lelenya digoreng di rumah, fungsi pelayanan dan pemenuhan gizi di sekolah tidak terjadi. Apalagi menggoreng di rumah, membuat pembiayaan rumah tangga",mbg,0,,
396,90075,2030945673370333318,09/03/2026 16:55:00,"orang tua mana sih yg gamau ngasi makanan bergizi buat anaknya, mreka tu bukan gamau tapi GABISA krna ga ada duet, jadi klo solusiny ngasih mbg BUKAN LAPANGAN KERJA ya tidak menyelesaikan masalah",mbg,0,,
397,90085,2030794401958764608,09/03/2026 6:54:00,"Yg begini begini harus diviralin 
 
 Supaya tdk ada lg korban meninggal karena keracunan #MBG",mbg,0,,
398,90086,2030791618245415247,09/03/2026 06.43,"Emang gila sih. Udah banyak yg keracunan, tapi belum ada katanya yg ditetapkan sebagai tersangka. Hukum gak melindungi anak bangsa. Padahal anak bangsa yg jadi prioritas proyek MBG. Aneh banget gak sih.",mbg,0,,
399,79464,1971935916970389849,27/09/2025 20:52:00,"Sudah puas jalan2 mewah nya pak @prabowo? Bubarkan BGN & stop MBG saja.
 Hanya soal waktu banyak ortu akan melarang anaknya makan MBG. Saya SDH lakukan. Takut keracunan yg massif terjadi menimpa anak saya juga. Traumanya ortu yg anaknya jadi korban gampang nular ke ortu lain.",keracunan mbg,0,,
400,79920,1971879596321833169,27/09/2025 17:08:00,"Bukannya cari cara agar makanannya ga basi, malah nyuruh2 orang lain buat makan. Lu aja sini gue cekokin mbg basi sampe keracunan biar ngerasain apa yg para murid rasain. Heran otaknya kaga jalan, kemaren aja ada guru yg ikut nyicip mereka masuk rumah sakit juga karena Keracunan.",keracunan mbg,0,,
401,79938,1976413185222770886,10/10/2025 5:23:00,"Keracunan MBG ini menurut lu aneh ngga ? 1 dapur MBG itukan masaknya ngga cuman buat satu sekolah, tapi yg keracunan kenapa hanya satu sekolah alias ngga semua yg di supply dari dapur tersebut ? Apa ada sabotase ?",keracunan mbg,0,,
402,79939,1976412730069495952,10/10/2025 5:21:00,"Gini amat jadi buzzerp. Ketololan hakiki adalah menjawab MBG yg problematik dengan sekolah Garuda. Beda server, bangsat! MBG menghabiskan 1.2T/hari yg makanan gak layak, keracunan setiap hari cuma jadi proyekan kroninya si @prabowo tolol. Stop dan alihkan ke pendidikan.",keracunan mbg,0,,
403,79941,1976407429471776790,10/10/2025 5:00:00,pemerintah menganggap yg keracunan MBG itu gak berharga nyawanya dibanding jutaan yg menerima MBG lainnya. Klo terusan begini berani taruhan lama kelamaan yg keracunan MBG korbannya melebihi pengungsi warga gaza yg kelaparan saat ini,keracunan mbg,0,,
404,79948,1976324271439028609,09/10/2025 23:29:00,"Bjir benar-benar MBG, ade gw keracunan 2x. Dosa jariyah untuk pejabat-pejabat Indonesia yang masih melanjutkan program ini, terutama si wowo! May you all rot in Jahanam!!!",keracunan mbg,0,,
405,79971,1976293726319513663,09/10/2025 21:28:00,"gubernur Jateng bicara warganya ada banyak yg keracunan mbg tapi disepelekan, seenak perutnya sendiri..",keracunan mbg,0,,
406,80331,1975856657545699370,08/10/2025 16:31:00,"stop sekarang juga anjr, selain banyak yg keracunan juga banyak yg bayaran/gajinya belom sampe ditangan para pekerja dibalik MBG MBG itu ya istighfar mnding pmerintah",keracunan mbg,0,,
407,80336,1975855384704532873,08/10/2025 16:26:00,"mana paham wowo n bran mbg ga penting dan gmn serunya aktivitas makan bareng sama temen dengan bekal beda2 bisa coba2 dan cerita2. ya kalo mbgnya nutrisinya jelas. ini udah ga jelas, hari2 dipenuhi berita keracunan.",keracunan mbg,0,,
408,80367,1975838628137046433,08/10/2025 15:20:00,"Ngomong begini tuh kalo MBG nya udah memenuhi standar, masih banyak SPPG yang ga higienis, gizinya asal asalan, komposisinya yang penting gampang pake makanan kemasan. Bukannya introspeksi dulu, malah anak anaknya dibilang gabiasa makan enak, cucu pejabat aja ada keracunan.",keracunan mbg,0,,
409,80368,1975837719302672462,08/10/2025 15:16:00,evaluasi alurnya kenapa bisa keracunan. nyebutin manfaat mbg satu dua tiga tapi gaada nyebutin solusi keracunan yang beribu-ribu itu. sibuk nyebutin fakta yang baik-baik aja. kan apa namanya kalo bukan buzzer wkwk,keracunan mbg,0,,
410,80378,1975831328810790945,08/10/2025 14:51:00,"Berarti kalau ia bisa memutuskan masalah keracunan massal akibat MBG ini sekedar kasus salah makan, berarti kompetensi Ahli Gizi Pemda Jateng ini perlu dipertanyakan kah?",keracunan mbg,0,,
411,80388,1975822241758904749,08/10/2025 14:15:00,"Anjiir gw sewot abang post ini, banyak BUZZER TOLOL GOBLOK yg nyerang abang. Bajingan semua tuh para Buzzer. Case mbg bukan hanya keracunan, tp pengangguran, ketidakadilan pendidikan, inflasi dipasar, cuci uang.",keracunan mbg,0,,
412,80406,1975808073609670735,08/10/2025 13:18:00,"seandainya pengelola mbg ini pada intropeksi ya, kalau mau keberlanjutan ya masa dari kemarin para pejabat tanggapannya remeh bgt sama yg keracunan makanan mbg.",keracunan mbg,0,,
413,80410,1975804033903538214,08/10/2025 13:02:00,"lebih baik para pejabat yang merasakan sendiri MBG, kalau keracunan apa masih berkomentar yang sama?",keracunan mbg,0,,
414,80431,1975795432526856628,08/10/2025 12:28:00,"Kompak aja semua anak gk usah makan menu MBG, biarin busuk aja toh itu juga sudah busuk koq. Atau kasih saja ke semua pegawai gubernur sekalian gubernurnya suruh telan tuh makanan. Kalau dia keracunan nanti tinggal komen gpp kan gk sampe mati.",keracunan mbg,0,,
415,80436,1975791090214343020,08/10/2025 12:11:00,Pantas anak2 keracunan gimana nih pak prabowo mau dibiarkan aja anak2 mati keracunan gubernur Yg mengatakan kaget suruh makan sendiri tuh MBG biar tau rasanya keracunan,keracunan mbg,0,,
416,80441,1975787457439465524,08/10/2025 11:56:00,"Bagi setiap ortu murid harus tegas pada pihak sekolah kalau anaknya tdk lagi diizinkan makan MBG, tapi anaknya juga harus dibekali sarapannya dari rumah, karna itu lebih baik dan lebih layak dari pada harus menanggung sakit karna keracunan...pilih mana...?",keracunan mbg,0,,
417,80446,1975785748348739980,08/10/2025 11:50:00,"Banyak sekali narasi konyol dan bodoh para pejabat, menanggapi keracunan MBG anak2. Bukannya solusi atas masalah keracunan dikedepankan, malah cari2 alasan tetapi KONYOL. Pejabat mental ABS. Presiden TDK butuh manusia2 type kalian.",keracunan mbg,0,,
418,80765,1974758458735116562,05/10/2025 15:48:00,"MBG telah gagal dlm aspek teknis, moral, & keadilan sosial. Kasus keracunan massal, keterlibatan petinggi militer-politikus, & penundaan pembayaran upah pekerja menunjukkan bahwa program ini telah dikorupsi oleh kepentingan kekuasaan.",keracunan mbg,0,,
419,80766,1974755504800051227,05/10/2025 15:36:00,"Satu periode aja udah bikin 6.000 siswa keracunan MBG, PHK massal ribuan pekerja terus terjadi, pengangguran parah belom ada solusinya, hukum diinjak2 gak ada kepastian hukum terus masih minta dua periode...🤮🤮🤮",keracunan mbg,0,,
420,80790,1974733467511554431,05/10/2025 14:08:00,"Dasar anjing... Duit MBG dimaling dia juga sampe anak2 bnyk yg keracunan gegara nerima makanan gak layak? Ada yang sampai meninggal lho itu, meski baru dugaan.. Tetep aja. Woy luhut! Anjing lu ya gak kenyang2! Semoga cepet mati dlm keadaan tersiksa dan terhina lu!",keracunan mbg,0,,
421,80792,1974731900767047979,05/10/2025 14:02:00,"adek ku yang paling kecil bilang dia mules sama pengen muntah dari hari kamis, ditanya ama mamah kenapa takutnya parah terus dengan entengnya bilang keracunan mbg 😭😭 diomelin wowo lu",keracunan mbg,0,,
422,80804,1974717083440275646,05/10/2025 13:03:00,Jadilah pemimpin yg ksatria gak cuma pandai cari alasan. Byknya murid/siswa yg menjadi korban keracunan MBG menunjukkan bahwa kalian GAGAL menjalankan tugas dg baik & sebaiknya kalian mundur saja gantian kpd yg lbh mampu,keracunan mbg,0,,
423,80805,1974716731697627235,05/10/2025 13:02:00,"Seharusnya di 3 bulan pertama program berjalan itu sudah ada evaluasinya. Bukan malah ngeles gak boleh dikritik karena baru 9 bulan.
 Tapi kan pejabat2 yang sok mendukung MBG pada buta dan tuli. Sampai ada kasus keracunan mencapai 6ribuan plus yang meninggal pun seblak difitnah.",keracunan mbg,0,,
424,80813,1974702647346393399,05/10/2025 12:06:00,"iya termasuk omon-omon presiden lu itukan? ah gmn tuh MBG gagal ya? kasian dan sedih liat anak bangsa muda harus KERACUNAN krn ulah ORANG TUA. lu mau bukti? cari aja ditiktok sayang, mau bukti lain? coba dong cari tau siapa dalang demo provokator. cb cari tau siapa",keracunan mbg,0,,
425,80824,1974691198590972405,05/10/2025 11:20:00,"Coba yang keracunan itu dari awal adalah salah satu anak/cucu dari opung LBP atau Kepala BGN, saya yakin akan langsung dihentikan tanpa evaluasi tuh MBG, meski cuan gede, mereka akan bilang satu nyawa terlalu mahal dibanding MBG yang tak guna 🤣🤣🤣",keracunan mbg,0,,
426,80833,1974675239729799565,05/10/2025 10:17:00,nunggu 5 tahun baru boleh kritik? nunggu statistik keracunan MBG nya 90%? nunggu kalian semua lengser supaya gabisa diminta tanggung jawabnya?,keracunan mbg,0,,
427,80843,1974656270239219752,05/10/2025 9:01:00,Pejabat bgn tkt ga kebagian jatah duit mbg yg super kakap. Pejabat mbg mang dah mati rasa n pd bebal ga peduli anak2 keracunan n terancam nyawanya. Yg ada diotaknya cm duit n ani2,keracunan mbg,0,,
428,80848,1974652784072114607,05/10/2025 8:48:00,"9 bulan berjalan dan dalam perjalanan itu kemudian muncul Keracunan - apakah Masyarakat tidak boleh Mengkritik pelaksanaan MBG-semakin Tua Usia harus semakin Bijak, 1 saja Anak Didik yang mengalami Keracunan karena mengkonsumsi MBG maka Pemerintah harus mengEvaluasi MBG #hening",keracunan mbg,0,,
429,80849,1974651706479976937,05/10/2025 8:43:00,Selama programnya tepat sasaran harusnya tidak masalah. Masalah keracunan juga sudah ditindaklanjuti dengan melakukan investigasi dan memutus kontrak dapur MBG yang bermasalah,keracunan mbg,0,,
430,80854,1974641163706794052,05/10/2025 8:01:00,"Dikritik aki² marah,cb Lo pikir pake otak 
 Katanya Orang intelek.Sehrsnya perbaiki gmn pengelolaan MBG yg baik cari solusi. Cb anak Luhut yg keracunan? Pasti ikut kritik. Bisa kerjasama dng BPOM SLHS BGN jng asal main tunjuk & kurangin KORUPSINYA. Rp 6500 Gmn mau bergizi PE'A 😂",keracunan mbg,0,,
431,81030,1974413548123283534,04/10/2025 16:57:00,"Orang jualan di sekolah2, pinggir jalan emang ga bersih2 amat... Tapi gada yg keracunan, itu dapur MBG masak apa smp semua keracunan, masak racun??",keracunan mbg,0,,
432,81194,1974322700119388573,04/10/2025 10:56:00,"Ibu ibu pendukung wowo yg masi ngotot mendukung MBG... moga anak u aja deh yg keracunan, anak anak org jgn.",keracunan mbg,0,,
433,81202,1974319846130381293,04/10/2025 10:45:00,Kalau di kandang monyet ada framing bhw keracunan MBG bisa jadi akibat sabotase dari parpol banteng.. demikian juga kebakaran IKN gara2 ada anggota DPR dari parpol banteng berkunjung terus tiba2 ada kebakaran..,keracunan mbg,0,,
434,81226,1974305193035780389,04/10/2025 9:46:00,"Ih. Makanan MBG emangnya bergizi? Sosis daging palsu, biskuit pabrikan, susu bukan murni, plus belum masalah keracunan. Sekolah org kaya ini makanan eksisting nya JAUH LEBIH BERGIZI daripada makanan MBG ini. Saya tau betul karena anak saya skl disini.",keracunan mbg,0,,
435,81311,1968451096076054620,18/09/2025 6:04:00,"padahal kita udh koar2 kl program mbg ini gk efisien, peluang korupsi, peluang kejadian keracunan/alergi spt ini dll, tp votersnya ttp aja bloon😭 trus skrng presiden gk boleh disalahin, trus kl bkn salah dia salah siapa lagi bahlul kan dia yg bikin program. Buzzer2😪",keracunan mbg,0,,
436,81312,1968450359061528681,18/09/2025 6:01:00,"gila yaa, anak sendiri di rumah dikasih makan yg enak, eeeh di sekolah dikasih mbg trus keracunan, dan sebagai ortu gaboleh nuntut tuh logikanya dimana yaaa????",keracunan mbg,0,,
437,81315,1968448080199475418,18/09/2025 5:52:00,"harusnya as a calon/presiden bisa mikir resiko, plus-minus, dll sebelum dia bikin program, kl udh kejadian keracunan mbg kek gini (untk ke sekian kalinya) kan kasian muridnya yg jadi korban. susah si kl presidennya wowo🙄",keracunan mbg,0,,
438,81330,1968375821149859851,18/09/2025 1:05:00,"Semua dapur MBG bermasalah Bos. Loe bayangin 3000/dapur. Masak dr sore, dikirim pagi. Teus ditutup rapat, ketika nasi msh panas. Gmn ngga asem, tumbuh jamur dan bakteri, bahkan bnyak kasus ada ulat. Akibstnya keracunan",keracunan mbg,0,,
439,81374,1968270427123568707,17/09/2025 18:06:00,Gw klo jd ortu amit2 anak gw dpet MBG mending gw ksh bekel sendiri. Najis keracunan kta yg nanggung. D resto aja klo keracunan pihak resto yg nanggung anying. Brrti pemerintah lbh rendah drpd resto,keracunan mbg,0,,
440,81396,1968204850027696493,17/09/2025 13:46:00,"daripada mbg mending naikin gaji guru, gue mah kalo dpt jg ogah 💀 takut keracunan. ini keputusan kapan dah bikinnya? ada aja kayak lg mabok kecubung",keracunan mbg,0,,
441,81406,1968190000765526266,17/09/2025 12:47:00,"Seminggu sudah berjalan MBG di kabupatenku, dan hampir setiap hari ada sekolah yg keracunan 😮‍💨😮‍💨",keracunan mbg,0,,
442,81427,1968145347999567895,17/09/2025 9:49:00,Lah para ortu klo bisa milih mah gausah mbg bjir drpd anaknya keracunan & gangguan pencernaan,keracunan mbg,0,,
443,81480,1967957010835783885,16/09/2025 21:21:00,"shit, udh paling bener mbg diapus anjirrrr😭😭 apa apaan masa klo ada yg keracunan dia hrus bersedia? ya hrsnya diliat lg lah pas proses pembuatan smpe pendistribusiannya udh sesuai standar manajemen sistem penyelenggaraan makanan blm? trus alergi jg, kan tiap org beda beda.",keracunan mbg,0,,
444,81484,1967955707321520363,16/09/2025 21:16:00,"Kalau kayak gini mending mentahannya (uang) dikasih ke ortu aja, suruh bawa bekal. Jadi kalau keracunan yg salah emang ortu. Ini mbg yang salah kok ortu yang kena",keracunan mbg,0,,
445,81486,1967951821668008355,16/09/2025 21:00:00,"Ada ko paud-tk. Tergantung sekolahnya mau apa engga. Sekolah anakku pernah mau coba daftar mbg, tp krn ada pasal “jika ada keracunan tdk boleh menuntut” yaa ga jadi. Mana mau sekolah ambil resiko",keracunan mbg,0,,
446,81544,1967889366665380197,16/09/2025 16:52:00,"MBG emang harus ada keracunan kah? ini ditempatku ada sekolah Madrasah hari ini keracunan masal karena makanan kek, masa tiap daerah ada aja yg keracunan gegara MBG 🙂",keracunan mbg,0,,
447,81598,1967818081444696269,16/09/2025 12:09:00,"Kalo gua jadi emak"" mah mending gua bangun subuh"" buat bikin bekel daripada nerima MBG. Keracunan gak ada yg mau tanggung jawab sama aja kayak negara bunuh rakyatnya sendiri trus lepas tangan. Brengsek emang",keracunan mbg,0,,
448,81604,1967815192571768906,16/09/2025 11:57:00,"lah kalo gitu gak usah ada program mbg kocak, program asbun dari si wowo juga ini. masa kalo keracunan suruh diem aja bangsat, orang mah ya lu tingkatin lagi kebersihan makanannya biar gak ada bakteri yg nyebabin keracunan massal. mikir gitu aja gak bisa mereka anjing",keracunan mbg,0,,
449,81734,1967446011812692412,15/09/2025 11:30:00,"Klo betul mo diadakan, mudah2an sj gak terjadi ""keracunan"" bareng Guru sm murid seperti yg selama ini terjadi hanyaknya kurid keracunan MBG. 😎",keracunan mbg,0,,
450,81744,1967408645672706325,15/09/2025 9:02:00,"Harusnya kan dana pendidikan buat pendidikan, ngapain buat MBG, 
 dana MBG aja abisnya sebanyak itu tapi rakyat banyak yang keracunan karena MBG 😭",keracunan mbg,0,,
451,81751,1967396742116315299,15/09/2025 8:15:00,"Pasti jadi arisan sama para kroni2 pejabat!Makanya gak ada profesional dalam menjalankan MBG..berita keracunan diam,berita makanan berbelatung diam, makanan tidak manusiawi diam! tidak ada solusi dan perbaikan!Itulah KKN!Akan menjadikan toleransi yg berkolusi!Lebih baik STOP MBG!",keracunan mbg,0,,
452,81851,1966962259881791667,14/09/2025 3:28:00,"Protes gmn? Emang selama ini didenger? Wong ada yg udh keracunan aja, nyalahin anak2 makan pake tangan 🤣🤣, mana pernah beredar rumor gk boleh foto MBG(walau udh dibantah kepala BGN) ..., tapi ttp aja gk ikhlas pajak ku dibuang2 jadi makanan basi, mubazir!!!!",keracunan mbg,0,,
453,81919,1966734336700674065,13/09/2025 12:23:00,"Kasih ke pejabat aja gak sih itu makanan,biar mereka tuh juga merasakan keracunan MBG,biar binasa sekalian, JANCOK",keracunan mbg,0,,
454,81949,1966401832919654497,12/09/2025 14:21:00,"Kalian setuju gak sih kalau mbg ini ditiadakan sja? Dilihat dr segi apapun sgt2 tidak worth it, entah dr sisi anggarannya, efektivitasny, bahkan dampaknya sekalipun gatau apa selain keracunan. Kayanya negara gonjang ganjing begini slhh satunya krn MBG yg ngabisin dana ratusan T.",keracunan mbg,0,,
455,82009,1970633583216992447,24/09/2025 6:37:00,"si anjing mbg keracunan dalilnya sabotase karena politik, bego kok diborong jingg anjinggggggggg. opini jelek bego tolol. kenapa juga ga diberhentiin sih ini program anjingggg dasar",keracunan mbg,0,,
456,82046,1970614136850743414,24/09/2025 5:19:00,"Pemborosan, Keracunan, Menu tak bergizi, Membuat harga2 Mahal, membuat UMKM tak jualan, terus keunggulannya apa MBG?",keracunan mbg,0,,
457,82051,1970611208320622884,24/09/2025 5:08:00,"Selama MBG pake vendor, maka akan ada selalu celah korupsi, kemungkinan keracunan makanan karena tidak terawasi. Setiap sekolah hrsnya punya dapur sendiri yg diawasi 1 ahli gizi. Kalo gak bisa ya udah gak usah maksa ada MBG. Bagusin dulu pembangunan sekolah di seluruh Indonesia",keracunan mbg,0,,
458,82081,1970542682155163835,24/09/2025 0:36:00,"Selain siswa kenyang, apa keuntungan yang diperoleh siswa???? Bukannya fokus belajar malah nanti siang MBG menunya apa ya??? Keracunan nggak ya??? BIKIN KEBIJAKAN KOK GINI, NGGAK ADA INSIPIRASI KEBIJAKAN LAIN KAH??? @Gerindra",keracunan mbg,0,,
459,82609,1970374438383427742,23/09/2025 13:27:00,Anak2 itu dikasih makan apa sih kok sampek pada keracunan? Kita tahu sejak awal MBG itu program korupsi. Tapi mbok ya kira2! Bajingan semua emang!,keracunan mbg,0,,
460,83047,1975359781763490111,07/10/2025 7:37:00,Yeuuuh kocak dah puluhan tahun anak sekolah di kabupaten jajan makanan yang ga sehat. Minim angka keracunan. Mending kata aing lu cobain dah tuh mbg basi. Masih bisa gak lu nyalahin anak-anak.,keracunan mbg,0,,
461,83095,1975213434506776839,06/10/2025 21:55:00,Kalopun emang dipaksakan kasih aja ke komite sekolah biar orang tua murid yang masak jadi lebih jelas lebih bersih dan saya yakin KLO diserahkan ke orang tua siswa ga akan ada lgi keracunan dan juga program MBG ini ga semua sekolah terima,keracunan mbg,0,,
462,83104,1975208241174040849,06/10/2025 21:35:00,"sampe mikir, ini sih fix banget kita WNI LAGI MODE SURVIVAL HUNGER GAMES!!!!!!!! yang bertahan ya uda, yang engga ya uda. apalagi coba??? bensin susah, public transport cuma di pusat, keracunan mbg, ini sih fix banget pengurangan populasi ajg ajg",keracunan mbg,0,,
463,83116,1975197942681354280,06/10/2025 20:54:00,"Gw saranin urusin tuh bopeng dimukalu akibat makan duit haram, RAKYAT KERACUNAN BISANYA INI PEJABAT BEGO SURUH PURBAYA NAMBAH DANA BUAT MBG. pejabat goblok kerja kagabecus minta nambah dana",keracunan mbg,0,,
464,83125,1975185040515772495,06/10/2025 20:03:00,Lho kok anaknya yg menerima MBG dibilang kurang sehat kalau dikatakan kurang sehat kok sebanyak itu anak2 yg keracunan Ini tidak masuk akal alias ngarang2,keracunan mbg,0,,
465,83129,1975182162883473751,06/10/2025 19:51:00,"Sudah sejak awal saya sarankan supaya MBG dibatalkan saja tapi masih saja ttp dijalankan...ya akhirnya apa yg saya dulu prediksi dan saya khawatirkan akan menjadi kenyataan...seperti misalnya MBG ini tdk efektif hanya buang2 anggaran,rawan KKN,beresiko keracunan dll.",keracunan mbg,0,,
466,83143,1975170796881396123,06/10/2025 19:06:00,"Jangan denial terus pak. Masa iya gak sehat sampai masal begitu. Keracunan makanan mbg sydah tenbus sampai 10.000 orang loh!! Bujan hanya suswa, ada guru dan ibu hamil-menyusui juga. Cucu pak machfud md juga keracunan, sampai2 bapak minta maaf khusus. Bapak itu ahli serangga,",keracunan mbg,0,,
467,83153,1975163153492193485,06/10/2025 18:36:00,Mata loe picek. Kurang sehat endas mu asu ini orang. Alasnya saja dibersihkan sembarangan. Beberapa dapur tidak higienis. Belum lg kasus alasnya MBG megandung babi. Jgn alasan kau bermasalah ini proyek yg buat cuan beberapa orang doank. Tanggung jawab keracunan tdk mau.,keracunan mbg,0,,
468,83159,1975160485894046033,06/10/2025 18:25:00,"eh botak, klo sehat ga semua anak Indonesia butuh mbg. mereka jajan yg katanya ada pewarna baju aja ada yg ga keracunan, PEWARNA BAJU!. belajar ampe tua ga bisa apa bikin pernyataan minta maaf!",keracunan mbg,0,,
469,83170,1975152376769323179,06/10/2025 17:53:00,"Malu banget tapi terlanjur... pas ada penyuluhan puskesmas ibu2 lansia mau dijanjikan MBG kok auto nyletuk : itu ntar keracunan nggak? Mana kedengaran forum lagi dan suasana lagi hening😅 gpp lah biar waspada, inget emak sendiri soalnya. Semoga aman deh",keracunan mbg,0,,
470,83181,1975136453035487273,06/10/2025 16:50:00,"Mbak logika nya dipake coba, guru aja ogah buat nyicip bukan berarti guru2 mau siswanya yg keracunan, dalam arti ini mbg udah gk dipercaya guru2 tp di lapangan pihak sekolah gk bisa nolak bahkan dipaksa buat nurut.",keracunan mbg,0,,
471,83259,1975074181642666470,06/10/2025 12:42:00,Pernah survei ke berapa sskolah? Pernah ngecek berapa sisa makanan yg terbuang? Pernah ngecek berapa kandungan gizi dari makanan MBG yang termakan? Itupun kalo kita kesampingkan kasus keracunan ya...,keracunan mbg,0,,
472,83276,1975061534067028148,06/10/2025 11:52:00,"Niat presiden & pelaksana bisa beda. Kalau niatnya sama-sama perbaiki gizi, harus ada cara ukur keberhasilannya. Sebelum & sesudah ada MBG apa yang berubah? Yang berubah hanya ada yg keracunan & makan gratis. Perbaikan gizinya tidak pernah dibahas, mungkin karena tidak ada.",keracunan mbg,0,,
473,83284,1975057407811428778,06/10/2025 11:35:00,Ini bukam cuman.masalah krtikkan..tapi jauh.lebih penting..taruhan nya nyawa siswa siswi.. yang makan makanan malah keracunan...sudah lebih dari 6000 yang keracunan.....lebih baik. Stop.MBG agar tidak jatuh korban yang lebih fatal dan banyak,keracunan mbg,0,,
474,83290,1975052580658327565,06/10/2025 11:16:00,Jauh lebih aman melarang anak utk menyantap jatah mbg drpd percaya perbaikan higienis dan sanitasi SPPG. Keracunan mbg adlh keniscayaan dan bisa datang begitu saja serta menghantui setiap saat.Keracunan berpotensi menghilangkan nyawa.Peduli setan dg politik dukung mendukung.,keracunan mbg,0,,
475,83294,1975049323747704891,06/10/2025 11:03:00,"kalopun harus ada MBG, kenapa ga konsepnya macam ransum TNI aja sih? kerjasama dgn supplier yg selama ini dipakai. Kayaknya belum pernah ada tentara keracunan ransum mrk.",keracunan mbg,0,,
476,83305,1975039251860623866,06/10/2025 10:23:00,MBG baru 9 bln..tapi murid yg keracunan udah ribuan..mantap opung.. indonesia mungkin terbesar di sluruh dunia korban keracunan MBG .👍👍👍,keracunan mbg,0,,
477,84461,1970060538832208207,22/09/2025 16:40:00,"Urusan baca atau menulis bolehlah anak2 pada ketinggalan, tapi urusan carut marut kerjaan pemerintah anak TK aja udah tau. Ya gimana gak tau kalo MBG ini udah banyak makan korban keracunan sehingga ketika ada makanan yg baunya gak sedap di MBG mereka pada gak mau makan",keracunan mbg,0,,
478,84492,1970031668108087492,22/09/2025 14:45:00,Mudahan anak cucumu dan kau kena penyakit sampe melarat bekuatkan MBG padahal ndak juak bikin anak kenyang ape agek sehat yang ade malah keracunan makanan basi. Setiap rupiah duit MBG yang kitak makan e jadi sel penyakit. Aminnnnnn.,keracunan mbg,0,,
479,84525,1970009588142690677,22/09/2025 13:17:00,"Proyek MBG Abal Abal...
 1 org saja jadi korban keracunan itu sdh lampu merah,kalau sampai ratusan anak jadi korban keracunan makanan basi produk dapur MBG.. artinya biadab ga punya akhlaq dan empati.",keracunan mbg,0,,
480,84596,1969965070752113138,22/09/2025 10:20:00,"Banyak berita mbg keracunan. Didaerahku tinggal ada program MBG bwt balita, ibu hamil dsn menyusui. Ya allah gue ga tega klo anak gue musti mkn mbg ini.",keracunan mbg,0,,
481,85089,1971270058728181993,26/09/2025 0:46:00,Pejabat Anjing goblokkk.. Jumlah penduduk 300jt. Anak2 anggap 1/3nya cuma 100jt anak. Itupun ga semua penerima MBG. Palingan 10% 10jt. Yg makan saya yakin ga nyampe itu 50% krn data kalian itu palsu semua. Korupnya aja yg gede. Dgn 4711 (yg terdata) keracunan itu 0.1%. Wajar??,keracunan mbg,0,,
482,85205,1971233955333701769,25/09/2025 22:22:00,Salah nya nyawa di Konoha gak berharga untuk mereka yang mendapatkan keuntungan dari MBG coba sebelum di laksanakan disertai rasa keadilan bagi korban keracunan pasti mereka mikir untuk membuat uji coba MBG,keracunan mbg,0,,
483,85225,1971230269673009488,25/09/2025 22:08:00,"Lagi rame berita keracunan makanan mbg malah sekolah anak gue awal bulan depan mau dikasih mbg. Apa tidak ketar-ketir emak bapaknyaaa?! Langsung bilang bu guru tidak bersedia, daripada anak gue kenapa-kenapa 😭",keracunan mbg,0,,
484,85265,1971223837204463702,25/09/2025 21:42:00,"Tiap ada berita keracunan mbg, aku nangis. Aku jg pernah keracunan makanan, sesakit itu!! Mana ini masih pada anak2.... Ga tega bgt!!! Dah gitu cuma dianggap angka statistik... Ya Allah, manusia2 itu jahat bgttttt",keracunan mbg,0,,
485,85274,1971222411698897149,25/09/2025 21:37:00,"Jujur kalo aku jg punya anak dah sekolah trus dapet mbg, juga pstii gabakal aku bolehin makan, karena gajelas bgt asal usulnya nih mbg. Mending bikinin bekal seadanya jg gapapa yg penting real food & sehatt. No keracunan keracunan club😇",keracunan mbg,0,,
486,85284,1971221536817475752,25/09/2025 21:33:00,"Gereget bangt tau ak klo ngeliat brita mbg bnyak yg d buang jdi mubazir + banyak yg keracunan jga, supaya programnya jalan aja abis smpe triliunan pdhl itu duit kalo d buat sekolah gratis lebih merata manfaatnya",keracunan mbg,0,,
487,85347,1971211638830399823,25/09/2025 20:54:00,"Kita kok masih ribut MBG. Coba mikir ributnya tuh pemerataan pendidikan, tunjangan guru, lapangan kerja dan hal krusial lainnya. Kalau dah banyak keracunan gini, cabut aja dah",keracunan mbg,0,,
488,85375,1971207295553126590,25/09/2025 20:36:00,"kasian bgt semua korban yg keracunan MBG, semoga cepet pulih lagi dan gak ada yg sakitnya berkelanjutan🥺",keracunan mbg,0,,
489,85429,1971202057551118355,25/09/2025 20:16:00,Kenapa pendukung MBG tidak menyebutkan siapa vendor vendor yg bikin siswa keracunan dan mendesak pemerintah untuk melakukan tindakan hukum? Malah sibuk mencari kambing hitam lain?,keracunan mbg,0,,
490,85530,1971191601797136524,25/09/2025 19:34:00,"Gak habis pikir ya, kenapa BGN ini diisinya ama orang-orang kek gini, kasus siswa keracunan MBG udah banyak loh, masih aja pala batu 🤦‍♂️",keracunan mbg,0,,
491,85538,1971190696280457501,25/09/2025 19:30:00,"Uang negara kalo gak di korupsi pejabat2 negara yg tamak pasti bakalan bermanfaat buat memajukan negara, ya salah satunya mencerdaskan kehidupan bangsa. Lah ini anggaran pendidikan malah dicomot buat mbg yg bikin anak sekolahan terancam dalam bahaya, kasus keracunan. 🤯",keracunan mbg,0,,
492,85558,1971188820042449375,25/09/2025 19:23:00,"Yang penting para pejabat, Pekerja BGN dan Vendor dapat uang korupsi ...biarkan rakyat sebagai korban nya ...semoga anak anak para pejabat, BGN dan Vendor ketika memakan MBG nya ada yang keracunan sehingga jadi sadar diri ..",keracunan mbg,0,,
493,85640,1971180798956143010,25/09/2025 18:51:00,"Keracunan tuh fatal loh efeknya. Kasusnya juga bukan sekali dua kali tapi pasti tiap minggu ada kasusnya. Bisa mulai buat perbaikin dong mbg ini kalau emang nih program gak bisa diberhentikan, udah ngambil angdan gede tapi malah ngeracunin rakyat",keracunan mbg,0,,
494,85729,1961616048245133711,30/08/2025 9:24:00,Kamu mau kasih paham mereka pun otak mereka g akan sampe sih. Tp mbg salah satu kegagalan nya. Akwwkwk lucu bngt yg minta makan siang gratis tp malah hancur karna keracunan,keracunan mbg,0,,
495,85732,1961611732960645609,30/08/2025 9:07:00,"mbg gabisa dibilang sukses, banyak pemotongan anggaran, banyak keracunan. kenapa banyak yang milih 02? ada yang bagi bagi uang dan sembako di luar kampanye dan h-2 pemilu, banyak buzzer, banyak hoax, banyak fomo.",keracunan mbg,0,,
496,85762,1961475770834092297,30/08/2025 0:07:00,"Sampai sekarang ni pemerintah pada sadar ga ya kalo sampai begini gegara tunjangan 50 juta, keracunan MBG karena ga terbiasa, ndhasmu, tolol dan brengsek",keracunan mbg,0,,
497,85852,1961338254357123163,29/08/2025 15:00:00,"Belum habis duka gue dgn kejafian bpk ojol meninggal, eh nonton berita banyak anak sekolah di lampung keracunan MBG. Ya Allah 😭😭😭",keracunan mbg,0,,
498,85925,1961266403857842384,29/08/2025 10:15:00,"Keracunan mbg narasinya ""hanya"", meninggal dilindes narasinya ""hanya"". Nyawa manusia emg se ga penting itu ya bagi si kontol2 ini",keracunan mbg,0,,
499,85964,1961221915713876472,29/08/2025 7:18:00,Najis amat lu wowo bahkan program MBG banyak kasus anak keracunan & makanan basi tapi tone deaf bgt anjir padahal ini program lu tolol. Sia-sia bayar pajak cuma buat gaji orang-orang ga kompeten gini,keracunan mbg,0,,
500,86238,1960866181319156108,28/08/2025 7:45:00,"soal rasa menurut aku gapapa dipaksain yg penting 5 sehat 4 sempurna, sama hal nya diet harus makan yg kurang asin/manis bahkan makan makanan hambar. Tapi di berita udah ada yg keracunan MBG dan jatah di kelas adek ku kls 1 SD minggu kemarin juga basi telur rebus nya 😔😔",keracunan mbg,0,,