,no_1,tweet_id_1,waktu_1,tweet_1,keyword_1,buzzer_1,indicator_1,phrase_1
1,4983,1933041453875564996,12/06/2025 12.59,"Program makan bergizi gratis tidak hanya fokus pada peningkatan gizi namun jga membuka banyak peluang kerja baru, Selain itu memberikan kesempatan bagi UMKM terlibat dlm penyediaan bahan makanan bergizi.
 Lanjutkan MBG
 #LanjutkanMBGuntukIndonesiaEmas
 . 
 Rolex Gacoan Jepang BCIS",makanan bergizi gratis,1,1,#LanjutkanMBGuntukIndonesiaEmas
2,11487,1926626156456902953,25/05/2025 20.07,"Presiden 
 @prabowo
  bicara soal regulasi rumit dan pejabat tua ribet
 
 #LanjutkanMBGUntukIndonesiaEmas
 MBG bertujuan mengatasi stunting dan meningkatkan kualitas gizi anak Indonesia 
 Lanjutkan MBG Keren 
 
 #mbg #sekolah #anak #makanbergizigratis #prabowo #gibran #jokowi",#mbg,1,1,#LanjutkanMBGUntukIndonesiaEmas
3,13169,1918900302998307063,04/05/2025 12:27:00,"Bersama kita dukung untuk Lanjutkan MBG, Program makan bergizi gratis memiliki Stndar Operasional Prosedur (SOP) yg ktat untk memastikn kualitas & keamanan makanan terbukti 25 juta makanan tlah dibagikn dan aman. 
#LanjutkanMBGIndonesiaGemilang 
. 
MyDay Jambak Hobi Minggu Melani",makanan bergizi gratis,1,1,#LanjutkanMBGIndonesiaGemilang
4,13244,1917474342864302212,30/04/2025 14:01:00,"Lanjutkan MBG Program pemerintah untuk mengatasi stunting dengan menyediakan makanan bergizi bagi anak - anak, Selain itu program makam bergizi gratis juga bertujuan untuk meningkatkan status gizi dan memperkuat ekonomi lokal.
#LanjutkanMBG
. 
Baila Dear Friend WILLIAMEST X COACH",makanan bergizi gratis,1,3,Lanjutkan MBG
5,13245,1917467975923425456,30/04/2025 13:36:00,"Program makan bergizi gratis tidak hanya memberikan makanan kepada anak sekolah namun jga sbagai pnggerak UMKM Lokal dlm pnyediaan rntai pasok mkanan bergizi memastikn ketersediaan makanan yg segar dan berkualitas. Bersama kita dukung untuk Lanjutkan MBG. #LanjutkanMBG
. 
X COACH",makanan bergizi gratis,1,3,Bersama kita dukung untuk Lanjutkan MBG
6,20904,1917463359810843030,30/04/2025 13:17:00,"Program makan siang gratis dapat membantu mengurangi kemiskinan dengan menyediakan kebutuhan dasar bagi anak2 dari keluarga yg kurang mampu Lanjutkan MBG krn anak akan mendapatkan kesehatan yang lebih baik dan mereka dpt belajar dan berkembang dengan lebih optimal
#LanjutkanMBG",makan siang gratis,1,1,#LanjutkanMBG
7,58011,1918996279960477796,04/05/2025 18:49:00,"Terus Lanjutkan MBG karena MBG terbukti membawa manfaat baik bagi anak2,dengan adanya MBG ketidakhadiran siswa jadi menurun

Kini BGN terus melakukan Evaluasi sistem MBG agar kejadian serupa tidak terulang kembali
#LanjutkanMBGIndonesiaGemilang

Dada #NekkoxGFPetExpo Alwi Mecima",keracunan mbg,1,3,Terus Lanjutkan MBG
8,58012,1918993441519763569,04/05/2025 18:37:00,"Dari segelintir kasus keracunan yg terjadi menunjukkan bhw Program MBG secara umum efektif dan aman. MBG tetap mjd harapan besar bagi jutaan anak Indonesia. Program ini patut trs didukung dan ditingkatkan utk memberikan manfaat yg lebih luas.

#LanjutkanMBGIndonesiaGemilang

Dada",keracunan mbg,1,1,#LanjutkanMBGIndonesiaGemilang
9,58014,1918970832908431439,04/05/2025 17:07:00,"Satu atau dua insiden tdk dpt menggambarkan kegagalan MBG keberhasilan program ini dapat dilihat dari dampak positif yang dirasakan oleh 25 juta anak yg telah mendapatkan manfaat, Lanjutkan MBG krn ada harapan jutaan anak Indonesia utk tumbuh sehat

#LanjutkanMBGIndonesiaGemilang",keracunan mbg,1,1,#LanjutkanMBGIndonesiaGemilang
10,58041,1917532709746008179,30/04/2025 17:53:00,"Lanjutkan MBG karena program ini sangat banyak manfaat nya, selain membantu anak anak agar tumbuh dengan sehat, program ini juga membantu para petani dan peternak lokal
#LanjutkanMBG
#WilliamEst",keracunan mbg,1,3,Lanjutkan MBG karena program ini sangat banyak manfaat
11,58167,1980617036414996675,21/10/2025 19:47:00,"Kasus kayak gini harus jadi evaluasi bareng, tapi jangan sampai nutup mata sama manfaat besar MBG buat anak sekolah. Tetap dukung Gerakan Cegah Lapar #LanjutkanMBG",keracunan mbg,1,3,jangan sampai nutup mata sama manfaat besar MBG
12,58172,1980590762917306371,21/10/2025 18:03:00,"Kerja Nyata bukan drama data!
MBG sudah beri manfaat ke 35 juta anak, semua dapur tersertifikasi higienis ✅
Yang penting: hasilnya nyata, bukan katanya.
 #LanjutkanMBG 
#كاريزما76 
#السعوديه_العراق 
#GMMTVFANIVALxFirstKhaotung",keracunan mbg,1,3,Kerja Nyata
13,58188,1980524844929413247,21/10/2025 13:41:00,"Semua aparatur pemerintah ikut Kerja Nyata suport MBG agar tepap aman , sehat bergizi sampai ke pemerima manfaat.

#LanjutkanMBG

Selasa
Nderrr",keracunan mbg,1,3,suport MBG
14,58207,1980442057224438037,21/10/2025 8:12:00,"Siapapun bebas kalau mau bikin dapur MBG , semakin banyak dapur semakin banyak pula penerima manfaat , dan BGN terbukti Kerja Nyata krn target semakin banyak penerima tercapai
#LanjutkanMBG",keracunan mbg,1,3,Kerja Nyata
15,58232,1980198032223478123,20/10/2025 16:02:00,"MBG itu gak perlu banyak Pujian karena MBG mementingkan Kerja Nyata yang bener di rasakan betul Manfaat nya. 
Bukan hanya buat anak-anak tapi juga bisa buat orang tuanya, Kerja Nyata MBG itu Nyata. 

#LanjutkanMBG

Jule The Boyz senin 
Patriot SPPG 
#Cyinin
#CantikbebasDrama",keracunan mbg,1,3,Kerja Nyata
16,58234,1980164754883985808,20/10/2025 13:50:00,"Rakyat sudah jadi saksi manfaat MBG, ayo kawal terus supaya makin meluas #LanjutkanMBG",keracunan mbg,1,3,kawal terus
17,58263,1980128898466918667,20/10/2025 11:28:00,"Kasus keracunan memang harus ditangani serius, tapi bukan berarti program MBG-nya gagal. Justru ini saatnya pemerintah memperkuat pengawasan agar manfaat MBG bisa dirasakan tanpa risiko. #LanjutkanMBG",keracunan mbg,1,3,memperkuat pengawasan
18,58286,1980121532367331808,20/10/2025 10:58:00,"Dengan pengawasan dan masukan kritis, proyek MBG bisa lebih aman dan tetap fokus pada manfaat bagi masyarakat. #LanjutkanMBG",keracunan mbg,1,3,fokus pada manfaat
19,58300,1980078693507912031,20/10/2025 8:08:00,"Kasus keracunan MBG terjadi karena pelaksanaan di lapangan oleh SPPG belum berjalan optimal. Pemerintah berkomitmen untuk memperbaiki sistem dan pengawasan agar ke depan program ini semakin baik dan aman bagi penerima manfaat
#LanjutkanMBG",keracunan mbg,1,1,#LanjutkanMBG
20,58301,1980077288860557386,20/10/2025 8:03:00,"Anak-anak yg menerima Program MBG di sekolah sering kali membawa pulang makanan yg tak habis utk dibagikan kpd keluarga, termasuk ibu mereka. Kerja Nyata MBG meningkatkan gizi anak-anak di sekolah, tapi jg memberikan manfaat tambahan bagi keluarga di rumah.
#LanjutkanMBG

Timothy",keracunan mbg,0,,
21,58313,1980057035497676945,20/10/2025 6:42:00,"Program Makan Bergizi Gratis (MBG) kini telah menjangkau lebih dari 35,4 juta penerima manfaat di seluruh Indonesia.

Sebanyak 12.189 dapur SPPG sudah beroperasi mendukung pemenuhan gizi anak sekolah, ibu hamil, menyusui, dan balita.
#MBG #LanjutkanMBG

Liverpool Ipul emyu senin",keracunan mbg,1,3,"35,4 juta penerima manfaat"
22,58321,1980027425460498493,20/10/2025 4:45:00,"MBG tidak gagal krn penerima manfaat yg terbantu jauh lebih banyak , sudah bener dapur SPPG yg jelek tidak sesuai sop BGN di evaluasi atau bahkan diberhentikan operasionalnya jadi bukan stop MBG nya
#LanjutkanMBG",keracunan mbg,1,3,MBG tidak gagal
23,58322,1980026782498869701,20/10/2025 4:42:00,"MBG itu sudah banyak membantu anak2 penerima manfaat jadi jangan di stop , udah bener BGN evaluasi dan memperketat SOP nya menjadi semakin baik
#LanjutkanMBG",keracunan mbg,1,3,penerima manfaat
24,58323,1980026187742380410,20/10/2025 4:40:00,"Klu ada keracunan BGN sudah evaluasi kenyataannya jauh lebih banyak penerima manfaat MBG baik2 saja dan senang 
#LanjutkanMBG",keracunan mbg,1,3,penerima manfaat
25,58326,1979864633357042173,19/10/2025 17:58:00,"Prabowo Subianto tegas: kritik boleh, tapi jangan menutup mata dari manfaat besar program MBG.
Masalah kecil tak boleh mengaburkan tujuan besar — memberi gizi untuk anak bangsa.
#LanjutkanMBG",keracunan mbg,1,3,jangan menutup mata dari manfaat besar
26,58327,1979864598619824201,19/10/2025 17:57:00,"Program Makan Bergizi Gratis (MBG) terbukti membawa perubahan nyata.
Kini 36,2 juta penerima manfaat telah merasakan dampaknya — bukti bahwa Indonesia mampu memberi makan 7 Singapura setiap hari.
#LanjutkanMBG",keracunan mbg,1,3,"36,2 juta penerima manfaat"
27,58328,1979863687138841026,19/10/2025 17:54:00,"Bayangin, setiap hari Indonesia bisa kasih makan setara 7 negara Singapura lewat program MBG. 36 juta penerima manfaat, jutaan tenaga kerja ikut bergerak. Ini bukti nyata perubahan, bukan janji. Gerakan Cegah Lapar terus jalan. #LanjutkanMBG",keracunan mbg,1,3,36 juta penerima manfaat
28,58330,1979846079005995208,19/10/2025 16:44:00,"SPPG & MBG, duet solid buat rakyat! 💪
Bareng-bareng wujudkan program yang aman, tertata, dan penuh manfaat

Senin Putusin Fandom Heejin
Makan Bergizi Gratis 
HARQEEL PADEL DATE 
#SectorK2025 #LanjutkanMBG",keracunan mbg,1,3,penuh manfaat
29,58332,1979841503649481128,19/10/2025 16:26:00,"411 daerah, zero insiden! 👏
Bukti nyata kalau MBG berjalan aman, rapi, dan bawa manfaat besar

Minggu Timothy Puas Banser 
Huang Renjun 
#2025MAMAVOTE #zonauang 
#LanjutkanMBG",keracunan mbg,1,3,bawa manfaat besar
30,58342,1979828931814678862,19/10/2025 15:36:00,"Luar biasa Kita menjadi negara paling cepat menggulirkan program MBG, menjangkau 36,2 juta penerima manfaat dalam satu tahun

#LanjutkanMBG 

Pendek jule Daehoon
#HarrynyaAqeela 
#2025MAMAVOTE
#bentolsultan
#KedaulatanPangan",keracunan mbg,1,3,"36,2 juta penerima manfaat "
31,58350,1979769198676205611,19/10/2025 11:38:00,Jangan cuma teriak turunkan lihat dulu data dan manfaat nyata MBG buat anak anak sekolah #LanjutkanMBG,keracunan mbg,1,3,manfaat nyata MBG
32,58355,1979757443220685015,19/10/2025 10:52:00,Satu insiden tidak menghapus manfaat besar MBG bagi ribuan anak tiap hari #LanjutkanMBG,keracunan mbg,1,3,manfaat besar MBG
33,58358,1979734460276015366,19/10/2025 9:20:00,"Sebagai rakyat yang cerdas pasti paham kok. Mana kebenaran, mana hanya dibesar2in. Program MBG terus digalakkan lebih banyak. Yang  mendapatkan manfaat besar Gerakan Cegah Lapar
#LanjutkanMBG 

#ENHYPEN Minggu #LYKNDuskAndDawnConcertD1 Timothy Banser",keracunan mbg,1,3,manfaat besar
34,58366,1979712899817046526,19/10/2025 7:55:00,"Program Makan Bergizi Gratis (MBG) udah ngasih dampak gede banget 
36,2 JUTA penerima manfaat!
Indonesia sekarang bisa kasih makan setara 7x Singapura tiap hari!
Bangga gak sih jadi bagian dari negara yang peduli gizi rakyatnya. 🇮🇩
#MBG #LanjutkanMBG #MBGJalanTerus 
#2025MAMAVOTE",keracunan mbg,1,3,"36,2 JUTA penerima manfaat"
35,58367,1979710814836928569,19/10/2025 7:46:00,"Karena yg diviralkan itu yg beracun, banyak dari mereka jutaan penerima manfaat yg sangat terbantu dengan hadirnya program mbg, jangan menggiring opini, mari kita bantu awasi program ini agar makin baik kedepannya
#LanjutkanMBG",keracunan mbg,1,3,penerima manfaat
36,58374,1979582193392554181,18/10/2025 23:15:00,Kebahagiaan keluarga juga lahir dari anak-anak yang tumbuh sehat bersama Program MBG yang terus memberi manfaat nyata #LanjutkanMBG,keracunan mbg,1,3,manfaat nyata
37,58380,1979515209783120015,18/10/2025 18:49:00,"Selamat Malam Minggu Guys
Satu lagi manfaat yang didapatkan siswa penerima MBG adalah, Berat dan Tinggi Badan yang tumbuh dengan baik karena pemantauan BGN 

LanjutkanMBG",keracunan mbg,0,,
38,58381,1979512492557799512,18/10/2025 18:38:00,"Setiap program besar pasti ada tantangannya. Daripada fokus pada satu-dua masalah, mari kita lihat manfaat MBG yang telah dirasakan jutaan anak di seluruh negeri. Perbaiki yang kurang, program tetap harus lanjut! #LanjutkanMBG",keracunan mbg,1,3,manfaat MBG
39,58383,1979505644257591740,18/10/2025 18:11:00,"Evaluasi total boleh saja, tapi jangan sampai menghapus manfaat yang sudah dirasakan anak-anak dari program MBG. Yang penting adalah memperbaiki kualitas dan pengawasan agar tujuan gizi seimbang tetap tercapai. #LanjutkanMBG",keracunan mbg,1,3,manfaat yang sudah dirasakan anak-anak dari program MBG
40,58408,1979323540303470953,18/10/2025 6:08:00,"Saatnya kita mendukung #LanjutkanMBG karena manfaat yang begitu besar untuk mendorong perekonomian masyarakat dan terbukti telah membawa kebahagiaan dan semangat anak anak Indonesia.
MBG juga menjadi Gerakan Cegah Lapar dengan makanan sehat dan bergizi.",keracunan mbg,1,3,manfaat yang begitu besar
41,58410,1979322534102175975,18/10/2025 6:04:00,"Kalau memiliki manfaat yang lebih besar kenapa harus coba-coba menghentikan program MBG, terlalu banyak alasan untuk tetap #LanjutkanMBG yang juga adalah Gerakan Cegah Lapar bagi jutaan anak-anak Indonesia, menuju generasi muda yang kuat dan tangguh untuk masa depan.",keracunan mbg,1,3,manfaat yang lebih besar
42,58411,1979322029397393608,18/10/2025 6:02:00,"Ada cinta para relawan dapur MBG yg dihidangkan tiap hari bagi para pemerima manfaat belia adalah garda terdepan Gerakan Cegah Lapar yg dicanangkan pemerintah

#LanjutkanMBG",keracunan mbg,1,1,#LanjutkanMBG
43,58413,1979321858337214516,18/10/2025 6:01:00,"Para siswa yg mendapat manfaat program MBG sekarang bisa hemat dgn menabung uang mereka
Program MBG adalah Gerakan Cegah Lapar 😍 
Sekolah lebih senang krn mendapat makan bergizi gratis
MBG keren banget
#LanjutkanMBG

#patlama #كاريزما76",keracunan mbg,1,3,manfaat program MBG
44,58423,1979054181534097834,17/10/2025 12:17:00,"Bener!! MBG menunjukkan niat baik pemerintah dalam memenuhi kebutuhan gizi anak-anak, dan kritik yang konstruktif justru membantu memperkuat sistemnya. Dengan evaluasi dan perbaikan berkelanjutan, program ini bisa lebih aman dan efektif bagi semua penerima manfaat. #LanjutkanMBG",keracunan mbg,0,,
45,58424,1979052573358235663,17/10/2025 12:11:00,Program MBG adalah wujud komitmen Pak @prabowo untuk memastikan anak-anak mendapat gizi dan pendidikan yang layak. Berhenti sekarang justru akan menghentikan manfaat yang sudah dirasakan banyak pihak. #LanjutkanMBG,keracunan mbg,1,2,@prabowo
46,58425,1979051513021419687,17/10/2025 12:07:00,"Pemangkasan anggaran tidak mengurangi nilai strategis MBG sebagai program pendidikan dan kesehatan anak. Dengan pengelolaan yang lebih efisien, MBG bisa terus memberi manfaat sambil mendukung pertumbuhan ekonomi. #LanjutkanMBG",keracunan mbg,1,3,memberi manfaat
47,58426,1979050237680370049,17/10/2025 12:02:00,"Kritik dan saran terkait pelaksanaan program MBG adalah hal yang positif untuk terus melakukan perbaikan, salah satunya terkait keracunan yg terjadi.

Melihat manfaat & dampak bagi semangat anak anak maka #LanjutkanMBG adalah pilihan terbaik.

PBNU SMAN 1 Cimarga #HarrynyaAqeela",keracunan mbg,1,3,#LanjutkanMBG adalah pilihan terbaik
48,58428,1979047081823101245,17/10/2025 11:49:00,"Jangan cuma lihat dari satu kejadian, karena banyak juga daerah yang merasakan manfaat nyata dari MBG. Pemerintah terus berupaya memperketat pengawasan supaya kejadian serupa nggak terulang lagi. #LanjutkanMBG",keracunan mbg,1,3,manfaat nyata
49,58435,1979005971906109640,17/10/2025 9:06:00,"Dalam pelaksanaanya program MBG telah banyak memberikan manfaat bagi masyarakat serta menumbuhkan semangat dan kebahagiaan untuk anak-anak penerima manfaat, #LanjutkanMBG adalah langkah bijak untuk Indonesia.",keracunan mbg,1,3,#LanjutkanMBG adalah langkah bijak
50,58437,1979001999350710483,17/10/2025 8:50:00,"Program MBG dengan berbagai manfaat dan dampak buruknya menjadi perhatian dari pemerintah dan BGN, kedepannya #LanjutkanMBG terus dilakukan upaya perbaikan dan pengawasan di semua lini pelaksanaan.",keracunan mbg,0,,
51,58441,1978962303685926955,17/10/2025 6:12:00,"Keracunan dan persoalannya lain dalam pelaksanaan program MBG menjadi perhatian dan fokus pemerintah dan BGN untuk dilakukan perbaikan secara menyeluruh, agar #LanjutkanMBG bisa memberikan manfaat yang lebih besar kepada masyarakat dan kebahagiaan untuk anak-anak Indonesia.",keracunan mbg,1,1,#LanjutkanMBG
52,58442,1978851149710000535,16/10/2025 22:50:00,"MBG bukan proyek, tapi pergerakan buat bangsa sehat dan cerdas. Nggak ngambil dana pembangunan kok, malah nambah manfaat
#LanjutkanMBG",keracunan mbg,0,,
53,58447,1978784036379099200,16/10/2025 18:24:00,"Kalau dijalankan dengan pengawasan yang baik, MBG bisa jadi investasi besar buat kesehatan dan pendidikan anak bangsa. Jangan fokus ke negatifnya aja, lihat juga manfaat nyatanya di lapangan. #LanjutkanMBG",keracunan mbg,1,3,manfaat nyatanya
54,58448,1978783081671598411,16/10/2025 18:20:00,"Tantangan pasti ada, tapi manfaat MBG jauh lebih besar.
#LanjutkanMBG",keracunan mbg,1,3,manfaat MBG
55,58449,1978782900129554590,16/10/2025 18:19:00,"perbaiki sistemnya aja, karena manfaat MBG udah dirasakan banyak keluarga.
#LanjutkanMBG",keracunan mbg,1,3,manfaat MBG
56,58452,1978719167776706637,16/10/2025 14:06:00,"Menu MBG hrs disiapkan dgn higienis utk memastikan makanan yg disajikan tidak hanya lezat, tetapi juga aman dan sehat utk dikonsumsi. Proses penyajiannya yg higienis mencerminkn kepedulian terhadap kesehatan dan kesejahteraan penerima manfaat.
#LanjutkanMBG

Jule Guru PSSI Kepsek",keracunan mbg,1,3,mencerminkn kepedulian terhadap kesehatan dan kesejahteraan penerima manfaat
57,58455,1978688604642979863,16/10/2025 12:05:00,"Dalam pelaksanaan program MBG ada persoalan yg terjadi dan ada manfaat besar bagi masyarakat.
Terkait keracunan, BGN & pemerintah fokus untuk melakukan perbaikan menyeluruh maka #LanjutkanMBG adalah pilihan terbaik.

#youtubedown PBNU Jule Selingkuh Merokok SMAN 1 Cimarga",keracunan mbg,1,3,#LanjutkanMBG adalah pilihan terbaik
58,58456,1978687849735328251,16/10/2025 12:02:00,"Program MBG membawa manfaat besar bagi petani lokal, karena bahan yang dipakai diprioritaskan dari dalam negeri. 
MBG akan meningkatkan pendapatan petani 20-30% & mengurangi ketergantungan impor makanan 40%.

#LanjutkanMBG 

Merokok SMAN 1 Cimarga Yati
PBNU Jule Selingkuh #Gaza",keracunan mbg,1,3,manfaat besar
59,58467,1978476708153159868,15/10/2025 22:03:00,Pengawasan kualitas dan waktu konsumsi wajib diperketat agar manfaat MBG terjaga #LanjutkanMBG,keracunan mbg,1,3,manfaat MBG
60,58469,1978445081154572644,15/10/2025 19:57:00,"Langkah ini bisa bantu jaga nama baik program MBG. Kalau narasi negatif diluruskan dengan fakta, masyarakat jadi lebih percaya sama manfaat program ini!
#LanjutkanMBG",keracunan mbg,1,1,#LanjutkanMBG
61,58483,1978330002866184436,15/10/2025 12:20:00,"Seruan stop makan bergizi gratis itu justru rugi sendiri, soalnya banyak banget manfaat MBG buat generasi kita ke depan #LanjutkanMBG",keracunan mbg,1,3,manfaat MBG
62,58488,1978268710054830238,15/10/2025 8:16:00,"SPPG Wonosari 1 saat ini melayani 6 sekolah & 7 posyandu. Sedangkan total penerima manfaat MBG sekitar 2.800 orang. 
Hyndun mengungkap alasan BGN menunda pencarian dana untuk operasional, terkait adanya pergantian Pejabat Pembuat Komitmen (PPK)

#LanjutkanMBG

#BamBam #JUMMO",keracunan mbg,0,,
63,58495,1978131655798698480,14/10/2025 23:11:00,"Setuju diaudit biar jelas, tapi manfaat MBG jangan sampai hilang. 💪 #LanjutkanMBG",keracunan mbg,1,3,manfaat MBG
64,58496,1978129552103588042,14/10/2025 23:03:00,"Evaluasi penting, tapi manfaat MBG tetap besar. 💪 #LanjutkanMBG",keracunan mbg,1,3,manfaat MBG
65,58498,1978100695778681247,14/10/2025 21:08:00,"MBG punya potensi besar untuk meningkatkan kualitas pendidikan dengan mendukung kesejahteraan siswa. Gaskeuunn dukung terus demi memberikan manfaat nyata bagi siswa di Indonesia✊
#LanjutkanMBG",keracunan mbg,1,1,#LanjutkanMBG
66,58499,1978099469355774391,14/10/2025 21:03:00,"MBG penting untuk mendukung siswa, terutama yang membutuhkan. Semoga program ini terus berjalan dan makin baik, sehingga bisa memberikan manfaat besar bagi pendidikan di Indonesia!
#LanjutkanMBG",keracunan mbg,1,3,manfaat besar
67,58501,1978034023063605524,14/10/2025 16:43:00,"Anak2 penerima manfaat MBG bisa loh reques menu favorit mereka ke tim dapur SPPG setempat , hal ini lah yg membuat anak2 bahagia bila permintaan mereka dipenuhi , jadi tambah semangat pergi kesekolah deh 😁

#LanjutkanMBG 

Selasa 
Evan's 24th Winning Streak",keracunan mbg,0,,
68,58504,1978000590824526272,14/10/2025 14:31:00,Lah kok gitu?? rakyat udah ngerasain manfaat MBG malah mau dialihin buat bayar utang 😅 Jangan sampai program yang bantu banyak orang malah dikorbanin gara-gara urusan lain deh!! #LanjutkanMBG,keracunan mbg,0,,
69,58505,1977997806985257353,14/10/2025 14:20:00,"Setiap suapan makanan bergizi membawa harapan baru bagi anak-anak bangsa kini jutaan anak sudah merasakan manfaat nyata dari program MBG menuju generasi sehat dan kuat 
#LanjutkanMBG

JOSSGAWIN IN MEXICO
#zonauan #JustLIGHTThatin15 #BOIKOTTRANS7 #JG1STFMINMEXICO",keracunan mbg,1,3,manfaat nyata
70,58509,1977978063649747041,14/10/2025 13:01:00,"Program MBG terbukti menjadi harapan dan semangat baru bagi anak anak penerima manfaat, kedepannya #LanjutkanMBG dengan perbaikan yang menyeluruh agar bisa berjalan dengan baik dan sesuai dengan harapan dari masyarakat Indonesia.",keracunan mbg,1,3,harapan dan semangat baru bagi anak anak
71,58512,1977975185568588214,14/10/2025 12:50:00,"Persoalan yang timbul dalam pelaksanaan program MBG menjadi fokus BGN dan pemerintah untuk terus dilakukan perbaikan secara menyeluruh, #LanjutkanMBG demi manfaat dan  semangat dari anak anak Indonesia.",keracunan mbg,1,3,manfaat dan  semangat dari anak anak
72,58513,1977963075396338087,14/10/2025 12:02:00,"Kerenn.. sebanyak 30 juta anak sudah menerima manfaat program Makan Bergizi Gratis, dan saya tetap akan mewujudkan sebanyak 82 juta anak Indonesia. 
MBG adalah semangat untuk anak Indonesia agar sehat dan kuat. 

#LanjutkanMBG 

Guru Pesantren Lirboyo #BOIKOTTRANS7 #AryaSaloka",keracunan mbg,1,3,MBG adalah semangat untuk anak Indonesia agar sehat dan kuat
73,58517,1977929808450600997,14/10/2025 9:49:00,"Bapak Presiden Orang nya sangat Berkomitmen walaupun banyak orang yang tidak percaya MBG bisa tapi bapak tetap yakin dan ya hasilnya 80 juta anak sudah menerima manfaat nyata MBG. 

#LanjutkanMBG

Pagi Kanjuruhan siswa
JOSSGAWIN IN MEXICO
#JG1STFMINMEXICO
#BOIKOTTRANS7
#NCT런쥔",keracunan mbg,1,3,Bapak Presiden Orang nya sangat Berkomitmen
74,58548,1977723912055111846,13/10/2025 20:11:00,"MBG bisa jadi lebih baik dengan perbaikan serius dalam pengadaan dan pengawasan makanan sehingga program ini bisa berjalan efektif dan memberikan manfaat nyata bagi siswa. Gaskeunnn kita dorong perbaikan ini!
#LanjutkanMBG",keracunan mbg,1,3,manfaat nyata
75,58566,1977624400716558691,13/10/2025 13:36:00,"Masalah bisa dievaluasi, tapi manfaat MBG jauh lebih besar untuk anak-anak. #LanjutkanMBG",keracunan mbg,1,3,manfaat MBG
76,58567,1977621094443209117,13/10/2025 13:23:00,"Program baik butuh ruang untuk tumbuh bersama FORumMBG jadi tempat bertukar pikiran agar program makan bergizi gratis bisa terus diperbaiki dan memberi manfaat nyata bagi masyarakat
#LanjutkanMBG

Setia Melayani Publik Patriot MBG #HUTHumasPolri74 #JustLIGHTThatin15",keracunan mbg,1,3,manfaat nyata
77,58568,1977620854789099577,13/10/2025 13:22:00,"Gugatan boleh saja, tapi jangan lupakan manfaat besar MBG yang bantu anak-anak makan teratur dan sehat setiap hari. #LanjutkanMBG",keracunan mbg,1,3,manfaat besar
78,58573,1977600480261112287,13/10/2025 12:01:00,"MBG adalah harapan bagi anak Indonesia dg banyak manfaat bagi masyarakat, salah satunya adalah menggerakkan perekonomian di pelosok negeri.
Demi masa depan Indonesia maka #LanjutkanMBG adalah langkah terbaik.

Senin #KluivertOut PSSI #ErickOut Piala Dunia",keracunan mbg,1,3,#LanjutkanMBG adalah langkah terbaik
79,58579,1977420163638300762,13/10/2025 0:04:00,"Insiden keamanan pangan? No way! Pemerintah gercep evaluasi MBG biar semua penerima manfaat tetap aman dan nyaman. Mantap! 💪
#LanjutkanMBG

#TREASURE #PakistanCricket #TimnasDay #ericktohirout Shin Tae Yong Senin Towel",keracunan mbg,1,1,#LanjutkanMBG #TREASURE #PakistanCricket #TimnasDay #ericktohirout Shin Tae Yong Senin Towel
80,58584,1977316112942629222,12/10/2025 17:11:00,"Berita cepat menyebar tanpa menunggu kebenaran, setiap proses di dapur MBG dijalankan dengan hati-hati dan penuh tanggung jawab
Mari tetap tenang dan terus dukung kebaikan yang membawa manfaat bagi banyak anak
#LanjutkanMBG

#H2Hseries #ErickOut #KluivertOut #AFCMAFIA #WASITMAFIA",keracunan mbg,1,1,#LanjutkanMBG #H2Hseries #ErickOut #KluivertOut #AFCMAFIA #WASITMAFIA
81,58611,1977291132314009615,12/10/2025 15:31:00,"Memang perlu pengawasan biar manfaat MBG nggak berhenti di level atas aja. Dengan kolaborasi yang adil, pedagang kecil dan masyarakat bawah juga bisa ikut merasakan dampaknya. #LanjutkanMBG",keracunan mbg,1,1,#LanjutkanMBG
82,58620,1977287076300439687,12/10/2025 15:15:00,Penanganan cepat dari tim kesehatan patut diapresiasi agar situasi tidak memburuk. Semoga ke depan distribusi dan pengawasan MBG semakin ketat demi keamanan penerima manfaat. #LanjutkanMBG,keracunan mbg,1,1,#LanjutkanMBG
83,58621,1977286172130132002,12/10/2025 15:12:00,"MBG bukan soal politik, tapi soal masa depan anak-anak kita agar tumbuh sehat dan siap belajar. Uang negara digunakan untuk memberi manfaat langsung ke rakyat, bukan untuk kepentingan golongan. #LanjutkanMBG",keracunan mbg,1,3,memberi manfaat
84,58624,1977252982392832327,12/10/2025 13:00:00,"Pemerintah melakukan evaluasi besar2 ran terhadap Program MBG untuk menjamin keamanan pangan penerima manfaat.

#LanjutkanMBG

Minggu 
Ratu Tisha",keracunan mbg,1,1,"#LanjutkanMBG Minggu 
Ratu Tisha"
85,58626,1977227052379189360,12/10/2025 11:17:00,"Pemerintah lewat program MBG berkomitmn terus meningkatkn jmlah penerima manfaat program MBG demi mewujudkan generasi sehat, hebat untuk indonesia kuat. #LanjutkanMBG
. 
Shin Tae Yong Belanda #AryaOut Menpora Blunder #NOWFEST_BKKD1Paes #キングオブコント #العراق_اندونيسيا #SB19",keracunan mbg,1,3,"mewujudkan generasi sehat, hebat untuk indonesia kuat"
86,58628,1977222990380384493,12/10/2025 11:01:00,"Manfaat dari program mbg diantara adalah untuk meningkatkan perekonomian daerah, untuk masa depan anak Indonesia yg sehat dan kuat
#LanjutkanMBG",keracunan mbg,1,3,masa depan anak Indonesia yg sehat dan kuat
87,58637,1977126694596362547,12/10/2025 4:38:00,"Pemerintah melakukan respons yang cepat untuk mengatasi Kejadian Luar Biasa dalam pelaksanaan program MBG.
#LanjutkanMBG adalah langkah untuk memberikan manfaat nyata dan kebahagiaan anak-anak Indonesia.",keracunan mbg,1,3,manfaat nyata
88,58642,1977011999134695903,11/10/2025 21:02:00,"MBG bukan sekadar makan gratis, tapi cara cerdas menyalurkan manfaat agar tepat sasaran dan berkelanjutan
#LanjutkanMBG 

Presiden Prabowo #DesireTheSeriesEP16 #GMMTVFANIVALxWin",keracunan mbg,1,1,#LanjutkanMBG Presiden Prabowo #DesireTheSeriesEP16 #GMMTVFANIVALxWin
89,58643,1976997562038338045,11/10/2025 20:05:00,"Program MBG bukan uang tunai karena fokusnya jelas: gizi anak dan ekonomi lokal. Lewat makanan sehat, manfaat langsung dirasakan anak-anak dan pelaku usaha daerah
#LanjutkanMBG 

Presiden Prabowo #DesireTheSeriesEP16 #GMMTVFANIVALxWin",keracunan mbg,1,1,#LanjutkanMBG Presiden Prabowo #DesireTheSeriesEP16 #GMMTVFANIVALxWin
90,58822,1973409194310246665,01/10/2025 22:26:00,"Kalau ada kasus keracunan, bisa jadi faktor lain seperti kebersihan lingkungan, bukan semata dari MBG
#LanjutkanMBG",keracunan mbg,1,3,faktor lain
91,58827,1973407265068638717,01/10/2025 22:18:00,"Statement ‘diduga keracunan MBG’ masih spekulasi. Yang dibutuhkan investigasi medis, bukan asumsi.
#LanjutkanMBG",keracunan mbg,0,,
92,58828,1973407194075857042,01/10/2025 22:18:00,"Keracunan bisa juga disebabkan faktor higienitas lingkungan sekolah atau jajanan di luar, bukan otomatis dari MBG
#LanjutkanMBG",keracunan mbg,1,3,faktor higienitas
93,58838,1973403413410165218,01/10/2025 22:03:00,"Jangan buru-buru menyalahkan MBG, bisa saja keracunan itu berasal dari jajanan di luar sekolah.
#LanjutkanMBG",keracunan mbg,1,3,berasal dari jajanan di luar sekolah
94,58909,1973380473238770107,01/10/2025 20:32:00,"Kasus keracunan MBG jangan dipakai untuk kepentingan politik. Program ini hadir untuk bantu anak-anak Indonesia dapat makanan bergizi. Masalah teknis bisa dibenahi, manfaat besar jangan disalahkan.
#LanjutkanMBG 

Pancasila Trade $RARI",keracunan mbg,1,3,manfaat besar
95,58948,1973372689449615709,01/10/2025 20:01:00,"Kasus keracunan MBG harus diusut, tapi jangan dijadikan gorengan politik. Mayoritas distribusi MBG berjalan aman, sehat, dan terawasi. Data harus diutamakan, bukan drama.
#LanjutkanMBG

#JISOOxDiorSS26 PARK JIMIN",keracunan mbg,1,3,"Data harus diutamakan, bukan drama"
96,59081,1973346024199713249,01/10/2025 18:15:00,"Keracunan itu soal teknis, bukan salah programnya 😤✋
Kayak pesawat, kalau ada kecelakaan ya SOP & regulasi diperbaiki, bukan penerbangannya dihentikan.
Program MBG tujuannya baik, jangan digoreng sana-sini 🫶
 #LanjutkanMBG

#BreezeQuickWashxJasper 1 Oktober #DUNK25thBirthday",keracunan mbg,1,1," #LanjutkanMBG

#BreezeQuickWashxJasper 1 Oktober #DUNK25thBirthday"
97,59111,1973337128592613855,01/10/2025 17:40:00,"Jangan jadikan kasus keracunan MBG sebagai bahan gorengan politik Faktanya mayoritas distribusi program ini berjalan aman sehat dan diawasi ketat Satu kasus tidak bisa dijadikan alasan untuk menolak manfaat besar yang sudah dirasakan rakyat #LanjutkanMBG 

Lubang Buaya Selasa",keracunan mbg,1,3,aman sehat
98,59117,1973334614140911876,01/10/2025 17:30:00,"Presiden Prabowo sudah menegaskan bahwa kasus keracunan MBG jangan sampai dipolitisasi Tujuan utama MBG jelas yaitu membantu anak anak yang kesulitan makan Karena itu mari fokus pada penyelesaian #LanjutkanMBG 

Aceh Namjoon Cardi Cukai Pancasila 1 Oktober",keracunan mbg,1,1,"#LanjutkanMBG 

Aceh Namjoon Cardi Cukai Pancasila 1 Oktober"
99,59149,1973324938754077012,01/10/2025 16:51:00,"Kasus keracunan jangan dijadikan bahan gorengan politik. Fakta di lapangan, mayoritas distribusi MBG aman, sehat, dan bermanfaat. Fokus ke perbaikan teknis, bukan drama. #LanjutkanMBG

Aceh Lubang Buaya",keracunan mbg,1,3,"Fokus ke perbaikan teknis, bukan drama"
100,60261,1976693372871229550,10/10/2025 23:56:00,"BGN pastikan pengawasan ketat MBG di seluruh daerah! 🕵️‍♀️ Ini penting banget buat jamin keamanan, kebersihan & kecukupan gizi anak-anak penerima manfaat. Jangan sampe ada oknum nakal yang nyolong jatah makan anak-anak! 😠 #LanjutkanMBG demi masa depan generasi emas! ✨",keracunan mbg,1,1,#LanjutkanMBG
101,60262,1976683255111033006,10/10/2025 23:16:00,"Hoaks jangan dibiarkan tumbuh subur 🚫
Fakta medis sudah jelas terbukti, ompreng MBG aman buat anak-anak kita ✨
Saatnya fokus pada manfaat, bukan fitnah 💪
#LanjutkanMBG",keracunan mbg,1,3,"Saatnya fokus pada manfaat, bukan fitnah"
102,60263,1976673179713368358,10/10/2025 22:36:00,Lihat semangat mereka menerima manfaat MBG inilah bukti bahwa program ini hidup dalam senyum dan tawa anak-anak kita #LanjutkanMBG,keracunan mbg,1,3,bukti bahwa program ini hidup dalam senyum dan tawa anak-anak kita
103,60272,1976592375033307232,10/10/2025 17:15:00,"MBG dirancang untuk anak bangsa jangan biarkan isu risiko mengaburkan manfaat besar yang telah dirasakan jutaan siswa
#LanjutkanMBG",keracunan mbg,1,3,manfaat besar
104,60301,1976407543221195038,10/10/2025 5:00:00,"Dengan berbagai manfaat bagi masyarakat dan kebahagiaan anak anak Indonesia maka menghentikan program MBG bukan langkah bijak, #LanjutkanMBG dengan terus melakukan perbaikan di semua lini pelaksanaan adalah hal yang paling baik.",keracunan mbg,1,3,hal yang paling baik
105,60303,1976213844084363579,09/10/2025 16:11:00,"MBG INVESTASI MASA DEPAN, bukan proyek politik. Menghentikan MBG artinya puluhan juta anak penerima manfaat akan kembali kekurangan gizi, dan ribuan pekerja akan kehilangan penghidupan. 

Yakob Arab Beckham Marselino
Sinar Mas Paes Irak Termul
#LanjutkanMBG",keracunan mbg,1,3,MBG INVESTASI MASA DEPAN
106,60304,1976211037037752352,09/10/2025 16:00:00,"Target saran Program MBG 82,9 juta penerima manfaat, terdiri dari anak sekolah, dan ibu hamil semoga terserap optimal dan tepat sasaran.

#LanjutkanMBG

#TimnasDay Klok Surat Izin Menstruasi Paes Arab Saudi Erick Thohir",keracunan mbg,1,1,"#LanjutkanMBG

#TimnasDay Klok Surat Izin Menstruasi Paes Arab Saudi Erick Thohir"
107,60306,1976179590117908648,09/10/2025 13:55:00,"Sebarkan semangat MBG, biar manfaat gizi anak dan ekonomi rakyat makin terasa luas #LanjutkanMBG",keracunan mbg,1,3,Sebarkan semangat MBG
108,60323,1976110382881309053,09/10/2025 9:20:00,"Program MBG menargetkan sekitar 82,9 juta penerima manfaat, yg meliputi anak sekolah, menu yg diberikan sesuai dg anggaran utk memastikan program MBG dapat berjalan efektif dan memberikan manfaat yg optimal bagi penerima manfaat. 
#LanjutkanMBG

Erick Thohir Wasit Jaemin Timnas",keracunan mbg,1,1,"#LanjutkanMBG

Erick Thohir Wasit Jaemin Timnas"
109,60324,1976110264832622907,09/10/2025 9:19:00,"Satu program, banyak manfaat.
✅ Gizi anak terpenuhi
✅ Lapangan kerja terbuka
✅ Produk UMKM lokal terserap
Program MBG jadi bukti kebijakan bisa berdampak luas.
#LanjutkanMBG #EkonomiRakyat",keracunan mbg,1,3,"Satu program, banyak manfaat"
110,60350,1975790694460702768,08/10/2025 12:09:00,"Program MBG bukan hanya memberi manfaat kesehatan bagi anak-anak Indonesia, juga menjadi motor penggerak ekonomi rakyat. Hingga kini, program ini terbukti  berhasil menyerap lebih dari 380.000 tenaga kerja.

#LanjutkanMBG 

#TimnasIndonesia OMG OMG OMG Durian Nurul #TimnasDay",keracunan mbg,1,1,"#LanjutkanMBG 

#TimnasIndonesia OMG OMG OMG Durian Nurul #TimnasDay"
111,60353,1975787340426891359,08/10/2025 11:56:00,"Setiap anak layak menerima manfaat MBG, yuk terus kita lanjutkan #LanjutkanMBG",keracunan mbg,1,3,manfaat MBG
112,60354,1975786477130072530,08/10/2025 11:52:00,"🍱 Dari dapur ke masa depan anak bangsa!
Program MBG kini sudah menjangkau 5,5 juta lebih penerima manfaat dan 1.861 SPPG aktif di Indonesia.
💪 Bukti nyata kerja pemerintah untuk mencetak generasi sehat dan cerdas.
#LanjutkanMBG #IndonesiaMaju",keracunan mbg,1,3,Bukti nyata kerja pemerintah
113,60373,1975729214071722233,08/10/2025 8:05:00,"Ekosistem ekonomi yang terjadi di MBG sangatlah luar biasa selain anak-anak mendapatkan Makanan bergizi ada banyak orang-orang yang mendapat pekerjaan serta Perdagangan nya lancar karena MBG. Satu Program bermacam manfaat

#LanjutkanMBG

Pagi iPhone 15 cloy
Trade $PTB
#Timasday",keracunan mbg,1,3,Satu Program bermacam manfaat
114,60382,1975683789063127258,08/10/2025 5:04:00,Melakukan perbaikan yang menyeluruh adalah hal paling bijak mengingat manfaat dan besarnya harapan anak anak Indonesia terhadap program MBG tersebut #LanjutkanMBG 🙏,keracunan mbg,1,3,manfaat dan besarnya harapan anak anak Indonesia
115,60383,1975680139833848190,08/10/2025 4:50:00,"humor boleh, tapi jangan sampe nutup mata dari manfaat besar MBG 💚 #LanjutkanMBG",keracunan mbg,1,3,manfaat besar MBG
116,60384,1975673631884910774,08/10/2025 4:24:00,"Pemerintah dan pihak terkait harus fokus terhadap perbaikan yang menyeluruh terhadap pelaksanaan program MBG.
#LanjutkanMBG demi manfaat dan kebahagiaan anak anak Indonesia.",keracunan mbg,1,3,manfaat dan kebahagiaan anak anak Indonesia
117,60385,1975673231022711280,08/10/2025 4:22:00,"Berbagai persoalan yang timbul dalam pelaksanaan program MBG harus secepatnya dilakukan perbaikan, #LanjutkanMBG bisa memberikan manfaat bagi masyarakat dan anak anak Indonesia.",keracunan mbg,1,3,manfaat bagi masyarakat dan anak anak Indonesia
118,60395,1975488039012213164,07/10/2025 16:07:00,"Jangan biarkan satu kesalahan nutup mata dari jutaan manfaat. MBG udah bantu anak, ibu, dan ekonomi lokal. Kritik boleh, tapi jangan sampai hilang arah 💬 #LanjutkanMBG GUINZLY FUN FANIVAL Trade $HANA TDS 1 JOSSGAWIN IN LONDON Yixing Chuseok FIFA Malaysia Senin JISOO",keracunan mbg,1,3,Jangan biarkan satu kesalahan nutup mata dari jutaan manfaat
119,60397,1975481888946200600,07/10/2025 15:42:00,"Satu program, banyak manfaat! Program Makan Bergizi (MBG) hadir untuk gizi, ekonomi, dan masa depan bangsa #LanjutkanMBG",keracunan mbg,1,3,"Satu program, banyak manfaat!"
120,60398,1975478271359000915,07/10/2025 15:28:00,Bangun masa depan cerah dengan berbagi manfaat Program Makan Bergizi (MBG) dari hulu ke hilir #LanjutkanMBG,keracunan mbg,1,3,manfaat Program Makan Bergizi (MBG)
121,60400,1975465947621433622,07/10/2025 14:39:00,Jangan lewatkan manfaat besar Program Makan Bergizi (MBG) buat masa depan Indonesia #LanjutkanMBG,keracunan mbg,1,3,manfaat besar Program Makan Bergizi (MBG)
122,60409,1975389015299027452,07/10/2025 9:33:00,"Di Kota Batu, ribuan anak udah ngerasain manfaat MBG 🍛✨. Dari TK sampe SMA, perut aman, otak on fire! 🔥 Jangan stop hal baik yg udah terbukti. 
Bayangin 6 dapur bisa layani 16 ribu siswa tiap hari 🤯🍲. Ini baru program yg kerasa langsung manfaatnya.
#LanjutkanMBG",keracunan mbg,1,3,Ini baru program yg kerasa langsung manfaatnya
123,60418,1975371229013111149,07/10/2025 8:22:00,"Jutaan anak makan sehat tiap hari, itu fakta.
Kalau ada salah, kita benerin — bukan berhentiin. 💪
Jangan hapus senyum anak-anak yang sudah menerima manfaat Program MBG 😌
#LanjutkanMBG
__
Percik Kecil Cirebon Gaji Senin Apel Pagi HUT TNI Terus Konsisten Membaik Setan Malaysia",keracunan mbg,1,1,#LanjutkanMBG
124,60419,1975317931203682437,07/10/2025 4:51:00,"Perbaikan yang menyeluruh di simo sektor dalam pelaksanaan program MBG harus terus dilakukan, melihat banyaknya manfaat dan besarnya harapan dari anak Indonesia melalui #LanjutkanMBG yang makin baik.",keracunan mbg,1,3,banyaknya manfaat dan besarnya harapan dari anak Indonesia
125,60421,1975309455706497187,07/10/2025 4:17:00,Pihak BGN seharusnya lebih fokus ke perbaikan yang menyeluruh dalam pelaksanaan MBG #LanjutkanMBG demi manfaat dan kebahagiaan anak anak Indonesia.,keracunan mbg,1,3,demi manfaat dan kebahagiaan anak anak Indonesia
126,60422,1975309061995553203,07/10/2025 4:15:00,"Banyak manfaat dari program MBG, terutama bagi anak anak Indonesia yang sangat antusias. Tetap #LanjutkanMBG dengan perbaikan yang menyeluruh adalah langkah paling bijak.",keracunan mbg,1,3,langkah paling bijak
127,60423,1975218173588001051,06/10/2025 22:14:00,"Terus lakukan pembenahan, agar program mbg membawa manfaat yang lebih besar. #LanjutkanMBG",keracunan mbg,1,3,membawa manfaat yang lebih besar
128,60430,1975141646242349485,06/10/2025 17:10:00,"Setiap makanan di dapur MBG melewati uji ketat bukan uji coba sembarangan semua demi keamanan dan kesehatan penerima manfaat
#LanjutkanMBG

Terus Konsisten Membaik #GUINZLY #GMMTVFANIVAL #UltimateTakeover #PertaruhanCintaJKT48",keracunan mbg,1,1,"#LanjutkanMBG

Terus Konsisten Membaik #GUINZLY #GMMTVFANIVAL #UltimateTakeover #PertaruhanCintaJKT48"
129,60437,1975053269157495013,06/10/2025 11:19:00,"Kasus keracunan itu penting dievaluasi, tapi jangan sampai menutup manfaat besar MBG. Jutaan keluarga sudah terbantu, anak-anak dapat gizi lebih baik. Perbaiki, jangan hentikan. #LanjutkanMBG",keracunan mbg,1,3,manfaat besar MBG
130,60448,1974970859644473839,06/10/2025 5:52:00,"Tidak begitu saja di stop, ada manfaat yg begitu besar dalam program MBG #LanjutkanMBG dgn pengawasan ekstra ketat, evaluasi dan perbaikan menyeluruh akan terus dilakukan",keracunan mbg,1,3,manfaat yg begitu besar
131,60450,1974970501056635294,06/10/2025 5:50:00,"Hal-hal seperti ini harus benar-benar diantisipasi dan dilakukan perbaikan menyeluruh di semua lini pelaksanaan MBG, agar #LanjutkanMBG bisa makin baik dan memberikan manfaat yang nyata bagi masyarakat dan anak-anak Indonesia.",keracunan mbg,1,3,manfaat yang nyata
132,60451,1974966767010349298,06/10/2025 5:35:00,"Kedepannya pemerintah dan pihak terkait harus bisa memastikan agar ada perbaikan menyeluruh dalam pelaksanaan program MBG, #LanjutkanMBG agar terus membawa manfaat dan kebahagiaan bagi anak anak Indonesia.",keracunan mbg,1,3,membawa manfaat dan kebahagiaan
133,60452,1974964881549115874,06/10/2025 5:28:00,Perbaikan menyeluruh dalam pelaksanaan program MBG harus dilakukan agar tidak membawa dampak buruk  #LanjutkanMBG harus agar bisa membawa manfaat bagi masyarakat dan kebahagiaan bagi anak anak Indonesia.,keracunan mbg,1,3,membawa manfaat bagi masyarakat dan kebahagiaan
134,60458,1974834516931064298,05/10/2025 20:50:00,Satu kasus tidak bisa menghapus manfaat besar MBG bagi jutaan siswa lain yang terbantu setiap hari. #LanjutkanMBG,keracunan mbg,1,3,manfaat besar MBG
135,60475,1974667481722843489,05/10/2025 9:46:00,"Program MBG terbukti memberi manfaat ganda: meningkatkan gizi anak sekaligus menggerakkan ekonomi masyarakat, menunjukkan bahwa kebijakan yang baik bisa menyehatkan sekaligus menyejahterakan bangsa.
#LanjutkanMBG",keracunan mbg,1,3,memberi manfaat ganda
136,60476,1974666712713978108,05/10/2025 9:43:00,"Dukungan terhadap program MBG menunjukkan bahwa kepedulian terhadap gizi anak bangsa semakin kuat.
Standar pangan yang baik menjadi kunci agar manfaat program ini terus dirasakan dan berkelanjutan.
#LanjutkanMBG",keracunan mbg,1,1,#LanjutkanMBG
137,60483,1974619810450506201,05/10/2025 6:37:00,"BGN harus terus melakukan perbaikan di semua lini dalam pelaksanaan MBG, #LanjutkanMBG agar kedepannya makin membawa manfaat dan tidak ada lagi dampak dampak yang merugikan masyarakat dan anak Indonesia.",keracunan mbg,1,3,membawa manfaat
138,60485,1974612217053237380,05/10/2025 6:06:00,"Semoga kedepannya BGN terus melakukan perbaikan agar program MBG bisa berjalan  lebih baik dan makin memberikan manfaat bagi masyarakat.
#LanjutkanMBG demi harapan dan kebahagiaan anak anak Indonesia.",keracunan mbg,1,3,harapan dan kebahagiaan
139,60494,1974446396007985619,04/10/2025 19:07:00,"Lebih dari sekadar program sosial, Makan Bergizi Gratis adalah investasi jangka panjang untuk Indonesia yang lebih sehat dan cerdas.
Dengan target puluhan juta penerima manfaat, MBG membawa harapan baru bagi masa depan bangsa.
#LanjutkanMBG",keracunan mbg,1,3,investasi jangka panjang
140,60496,1974438637699043656,04/10/2025 18:37:00,"5,2 juta penerima manfaat, 72 ribu tenaga kerja, ribuan dapur beroperasi di seluruh Indonesia 🚀 MBG bukan sekadar program, tapi gerakan bersama untuk generasi emas bangsa. #LanjutkanMBG

Trade $KORI #KYG_YB2025 V FOR PARIS FASHION WEEK",keracunan mbg,1,1,"#LanjutkanMBG

Trade $KORI #KYG_YB2025 V FOR PARIS FASHION WEEK"
141,60498,1974432995475165277,04/10/2025 18:14:00,"5 juta lebih penerima manfaat 72 ribu lebih tenaga kerja terserap inilah bukti program yang bukan sekadar janji MBG hadir untuk anak-anak sekaligus menggerakkan ekonomi rakyat #LanjutkanMBG 

New G Chelsea Yuju Mandalika B. Jumat Nomat 1 Bulan Pertamina",keracunan mbg,1,3,menggerakkan ekonomi rakyat
142,60505,1974373177146089909,04/10/2025 14:17:00,"Presiden @prabowo menekankan pentingnya MBG untuk meningkatkan kehadiran siswa di sekolah & prestasi belajar. Ini adalah investasi masa depan Bangsa. Dukung program #LanjutkanMBG ini yg telah mencapai 25 juta penerima manfaat demi Indonesia Emas 2045

Bjorka #GlobalSumudFlotilla",keracunan mbg,1,2,@prabowo
143,60509,1974349352698335682,04/10/2025 12:42:00,"Pemerintah secara nyata cegah keracunan MBG yaitu dengan peningkatan standar higienitas , pengawasan dapur serta sertifikasi penyedia dan pengawasan yg ketat agar MBG tetap aman serta memberi manfaat untuk tumbuh kembang anak2 Indonesia

#LanjutkanMBG 

Hari Sabtu SPPG Polri",keracunan mbg,1,3,memberi manfaat
144,60510,1974313130349244599,04/10/2025 10:18:00,"MBG hadir bukan sekadar menu makan gratis, tapi fondasi emas untuk masa depan bangsa.
25 juta anak sudah merasakan manfaatnya.
Kini saatnya #LanjutkanMBG menuju 82,9 juta penerima manfaat ✨
_

Hari Sabtu Bjorka Sarapan #zonaba Die My Love #zonauang️ #FreePalestine",keracunan mbg,1,1,Hari Sabtu Bjorka Sarapan #zonaba Die My Love #zonauang️ #FreePalestine
145,60518,1974291799897494007,04/10/2025 8:53:00,"Senyum anak anak di sekolah adalah bukti bahwa program MBG hadir nyata membawa manfaat langsung orang tua merasa tenang karena kebutuhan gizi putra putrinya terjaga dengan baik masa depan bangsa dimulai dari perut yang sehat 

#LanjutkanMBG",keracunan mbg,1,3,MBG hadir nyata membawa manfaat
146,60523,1974259807818518545,04/10/2025 6:46:00,"Pihak terkait harus terus melakukan perbaikan salah satunya terhadap sasaran yang tepat terhadap program MBG.
Melihat antusiasme anak anak yang merasakan manfaat MBG maka #LanjutkanMBG adalah langkah bijak.",keracunan mbg,1,3,langkah bijak
147,60524,1974258029752111605,04/10/2025 6:39:00,"Semua harus jelas sesuai fakta agar bisa dilakukan perbaikan dalam pelaksanaan MBG kedepannya.
#LanjutkanMBG adalah cara bijak menyikapi manfaat yang ada dan besarnya harapan dari anak Indonesia terhadap program tersebut.",keracunan mbg,1,3,cara bijak
148,60570,1974036770837967037,03/10/2025 16:00:00,"Mayoritas distribusi MBG aman terkendali.
Satu insiden jangan tutup mata dari manfaat besar yang ada.

#LanjutkanMBG Taylor #TSTheOfficialReleasePartyOfAShowgirl Rams Ruin The Friendship Wood #TLOAS Sabrina Niners",keracunan mbg,1,3,Satu insiden jangan tutup mata dari manfaat besar
149,60583,1973979996118266071,03/10/2025 12:14:00,"Satu kasus jangan menghapus manfaat besar. Program MBG perlu diperkuat, sementara vendor bermasalah harus diganti. #LanjutkanMBG",keracunan mbg,1,3,Satu kasus jangan menghapus manfaat besar
150,91931,2031679263016165514,11/03/2026 17:30:00,"Kepolisian Resor Bengkulu Utara menegaskan bahwa meninggalnya seorang siswa MIN 2 Bengkulu Utara tidak terkait dengan keracunan program MBG Hasil CT Scan menunjukkan pendarahan otak
 sampel MBG dinyatakan aman oleh BPOM.
 
 Korban pingsan sebelum sempat makan mbg
 
 #LanjutkanMBG",mbg,1,1,#LanjutkanMBG
151,91960,2031625715339477435,11/03/2026 13:58:00,"Semua pihak harus saling mengawasi dan program MBG di lapangan, agar kejadian keracunan dan persoalan lainnya bisa dicegah seiring dengan langkah evaluasi yang terus dilakukan oleh pemerintah dan BGN.
 #LanjutkanMBG",mbg,1,1,#LanjutkanMBG
152,91962,2031623514852348124,11/03/2026 13:49:00,"#LanjutkanMBG dengan memberikan bahan masak mentah kepada siswa agar mereka bisa memasak makanan sendiri sehingga bisa mengurangi risiko keracunan makanan. Alhasil bisa mengurangi koki MBG, mengurangi biaya minyak goreng, mengurangi biaya sabun cuci ompreng dll.",mbg,0,,
153,92149,2031376554232787238,10/03/2026 21:28:00,"Kekhawatiran soal kasus keracunan tentu hrus ditanggapi serius. Justru laporan seperti itu perlu ditindaklanjuti agar standar keamanan makanan dan pengawasan MBG semakin diperketat. Tujuan program ini tetap utk memastikan anak² mendapat makanan yg aman dan bergizi. 
 #LanjutkanMBG",mbg,1,3,aman dan bergizi
154,92324,2032676040078930248,14/03/2026 11:31:00,"Melalui Pelaksanaan program Makan Bergizi Gratis, pemerintah optimistis mampu menurunkan angka stunting di Indonesia.
 MBG adalah intervensi pemberian makanan sehat dan bergizi seimbang untuk anak anak dan B3.
 
 #LanjutkanMBG 
 
 Andrie Yunus Rismon #sallandık USUT TUNTAS #furry",mbg,1,3,intervensi pemberian makanan sehat dan bergizi
155,92326,2032452659136147961,13/03/2026 20:44:00,"Kisah anak penerima MBG yang rela menyisihkan jatah makan bergizi gratis untuk ayahnya di balik jeruji besi menyentuh banyak hati. Program ini bukan sekadar soal makanan, tetapi juga tentang kepedulian dan kasih sayang keluarga. #LanjutkanMBG
 
 #OnlyFriendsDreamOnEP3 #BTS_ARIRANG",mbg,1,3,kepedulian dan kasih sayang
156,92413,2032424538412286335,13/03/2026 18:52:00,"Anak hebat ini rela menyisihkan jatah Makan Bergizi Gratis (MBG) dari sekolah demi sang ayah yang sedang berada di sel. Program ini terbukti bukan hanya soal nutrisi, tapi juga membawa kebahagiaan bagi keluarga. #LanjutkanMBG
 
 Ulil Innalillahi Bakso Urat Yati BPJS #ENHYPEN_IS_7",mbg,1,3,membawa kebahagiaan
157,92429,2032725719273595024,14/03/2026 14:49:00,"Waduh, jangan langsung panik kalau baca judul bombastis di medsos! Banyak banget hoax yang sengaja dibuat untuk bikin resah. Contohnya berita Puan Maharani minta tunda Makan Bergizi Gratis (MBG) ini. Cek fakta dulu sebelum sebar! #LanjutkanMBG
 
 ALD THR Rismon #JENO",mbg,0,,
158,92441,2032726090737959126,14/03/2026 14:50:00,"Banyak yang bertanya-tanya gimana nasib gizi anak saat libur Lebaran. Ternyata solusinya cerdas! Paket Makan Bergizi Gratis (MBG) tetap dibagikan, tapi lebih awal dalam bentuk bundling. #LanjutkanMBG
 
 ALD THR Rismon #JENO",mbg,1,1,"#LanjutkanMBG
 
 ALD THR Rismon #JENO"
159,92515,2029755985871663380,06/03/2026 0:00:00,"Kepala daerah adalah komandan! BGN instruksikan cek langsung dapur SPPG. Pastikan menu Makan Bergizi Gratis (MBG) sesuai standar tinggi. Tak ada ruang bagi gizi yang salah demi anak bangsa. #LanjutkanMBG
 
 #8MalamAdaShopeeBeli2Gratis1 #GibranPerkuatPesantren iphone 17 diskon",mbg,1,1,"#LanjutkanMBG
 
 #8MalamAdaShopeeBeli2Gratis1 #GibranPerkuatPesantren iphone 17 diskon"
160,92558,2029779301223252284,06/03/2026 0:00:00,"Program Makan Bergizi Gratis (MBG) tetap berjalan selama Ramadan dengan penyesuaian menu tahan lama seperti kurma, telur, buah, dan abon agar tetap layak dikonsumsi saat berbuka. Gizi siswa tetap jadi prioritas. 
 
 #LanjutkanMBG
 
 A.21 #IranWar 
 Wapres Gibran #المطلاع pagiii",mbg,0,,
161,92716,2028425571261395275,02/03/2026 0:00:00,"Program Makan Bergizi Gratis atau MBG adalah langkah nyata pemerintah untuk memastikan anak-anak Indonesia mendapatkan asupan nutrisi seimbang demi mencetak generasi unggul yang berkualitas 
 #LanjutkanMBG
 
 Amerika Try Sutrisno ngabuburit bareng lazada Iran Turut Berduka Cita",mbg,1,3,langkah nyata
162,92719,2028389975386177694,02/03/2026 0:00:00,"Anggaran Makan Bergizi Gratis (MBG) murni reallokasi strategis, bukan memotong jatah kementerian lain. Yuk, kritis dengan data akurat agar tidak termakan narasi liar yang menyesatkan! #LanjutkanMBG 
 
 Iran ngabuburit bareng lazada",mbg,1,1,"#LanjutkanMBG 
 
 Iran ngabuburit bareng lazada"
163,92775,2028432841051361352,02/03/2026 0:00:00,"Banyak isu miring beredar, tapi jangan langsung percaya! Pemerintah sudah menegaskan kalau Program Makan Bergizi Gratis (MBG) ini tidak mengurangi satu Rupiah pun dari anggaran pendidikan kita.
 #LanjutkanMBG
 
 Iran Ramadhan Mega Sale #MyRomanceScammerEP5",mbg,1,1," #LanjutkanMBG
 
 Iran Ramadhan Mega Sale #MyRomanceScammerEP5"
164,92778,2028433155317981282,02/03/2026 0:00:00,"Bukan sekadar angka! Dana Program Makan Bergizi Gratis (MBG) sebesar Rp268 triliun tidak mengendap di pusat. BGN mengonfirmasi kalau 93% atau hampir Rp240 triliun langsung dikucurkan ke daerah di seluruh Indonesia.
  #LanjutkanMBG 
 
 Iran Ramadhan Mega Sale #MyRomanceScammerEP5",mbg,1,1,"#LanjutkanMBG 
 
 Iran Ramadhan Mega Sale #MyRomanceScammerEP5"
165,92793,2048715052811943963,27/04/2026 17:45:00,"Program Makan Bergizi Gratis (MBG) membantu ekonomi keluarga dan kesehatan anak. Semoga terus berjalan demi generasi Indonesia yang lebih kuat! #LanjutkanMBG 
  
  Susu Mbok Darmi 1.700 SPPG El Rumi #널따라가_투어스를따라가 TWS YOU YOU OUT NOW LINE MAN x PERTH SANTA",mbg,1,1,"#LanjutkanMBG 
  
  Susu Mbok Darmi 1.700 SPPG El Rumi #널따라가_투어스를따라가 TWS YOU YOU OUT NOW LINE MAN x PERTH SANTA"
166,92812,2047958207671492791,25/04/2026 15:37:00,"Program Makan Bergizi Gratis (MBG) adalah kunci penuhi gizi anak sejak dini. Ini fondasi awal membangun kualitas SDM yang cerdas dan unggul untuk Indonesia Emas. #LanjutkanMBG 
  
  minum air anget aja #StaysPrivatewithS26Series",mbg,1,1,"#LanjutkanMBG 
  
  minum air anget aja #StaysPrivatewithS26Series"
167,92832,2047935914312347722,25/04/2026 14:09:00,"MBG (#LanjutkanMBG bukan sekadar makan gratis, tapi investasi masa depan. Asupan gizi yang cukup membantu anak tumbuh sehat, berpikir lebih optimal, dan belajar lebih fokus. Dari gizi yg baik, lahir generasi Indonesia yg cerdas, kuat, dan siap bersaing.
 #LanjutkanMBG 
 
 Hari Sabtu",mbg,1,3,investasi masa depan
168,92846,2046822450764423270,22/04/2026 12:24:00,"Badan Gizi Nasional (BGN) menegaskan bahwa pihak sekolah memiliki hak untuk mengembalikan, bahkan menolak makanan dari program Makan Bergizi Gratis (MBG) jika ditemukan dalam keadaan tidak layak konsumsi atau basi.
 
 @Gerindra
 @KemenkesRI
 @BPOM_RI
 Presiden @prabowo 
 #LanjutkanMBG",mbg,1,2," @Gerindra
 @KemenkesRI
 @BPOM_RI
 Presiden @prabowo"
169,92849,2048985690143383601,28/04/2026 11:40:00,"Pemerintah resmi mengurangi pelaksanaan program Makan Bergizi Gratis (MBG) Dari lima hari menjadi empat hari dalam seminggu
 
 Tujuan supaya anggaran MBG lebih efisien dgn penghematan capai 1 triliun perhari
 
 Pengawasan dapur MBG semakin diperketat
 
 #LanjutkanMBG
 
 #łatwogang
 #salı",mbg,1,1,"#LanjutkanMBG
 
 #łatwogang
 #salı"
170,92898,2049112244626375079,28/04/2026 20:03:00,"Program Makan Bergizi Gratis atau MBG 3B kini hadir menyasar ibu hamil dan balita demi mempercepat penurunan angka stunting secara merata di seluruh Indonesia. 
 #LanjutkanMBG
 
 Hasan Nasbi masa depan generasi muda Tiara Andini",mbg,1,1,"#LanjutkanMBG
 
 Hasan Nasbi masa depan generasi muda Tiara Andini"
171,92998,2024816195606855784,20/02/2026 18:59:00,"Pemerintah optimis anggaran Makan Bergizi Gratis tetap kuat dalam UU APBN sebagai bentuk Kerja Nyata untuk mewujudkan kesejahteraan masyarakat Indonesia yang lebih baik di masa depan #LanjutkanMBG
 
 PROTECT TAEHYUNG LPDP #TokopediaKejarKetupat",mbg,1,1,"#LanjutkanMBG
 
 PROTECT TAEHYUNG LPDP #TokopediaKejarKetupat"
172,93012,2025160839465238913,21/02/2026 17:49:00,"Menjawab keresahan yang beredar di masyarakat, Komisi X DPR RI telah memberikan penegasan penting: Program Makan Bergizi Gratis (MBG) sama sekali TIDAK menggunakan dana pendidikan.
 #LanjutkanMBG
 
 Risol Marugame #RacuninMakeup",mbg,1,1," #LanjutkanMBG
 
 Risol Marugame #RacuninMakeup"
173,93228,2023246198677938460,16/02/2026 11:00:00,"Program Makan Bergizi Gratis (MBG) adalah komitmen nyata untuk anak sekolah. Jika ada oknum penyalur yang lalai memberikan pelayanan tidak sesuai standar, harus segera ditegur dan ditertibkan demi kualitas gizi terbaik.
 #LanjutkanMBG 
 
 3 Hari Pagii #nona #SEAblings",mbg,1,1," #LanjutkanMBG 
 
 3 Hari Pagii #nona #SEAblings"
174,93232,2023246576848666774,16/02/2026 11:02:00,"MBG Core!
 Serba Serbi Program Makan Bergizi Gratis telah membawa manfaat besar sekaligus warna baru bagi penerima manfaat dan masyarakat Indonesia.
 MBG adalah harapan dan semangat baru untuk masa depan Indonesia.
 
 #LanjutkanMBG
 
 Senin Positive #INDvsPAK 
 stop ganggu papua #paobc",mbg,1,3,manfaat besar
175,93452,2019236458134139177,05/02/2026 0:00:00,"Integrasi pangan lokal adalah kunci! 🌾 Dengan memanfaatkan sayuran dan hasil ternak daerah, program Makan Bergizi Gratis (MBG) tak hanya menyehatkan anak bangsa, tapi juga menghidupkan ekonomi petani dan peternak lokal.
 ​#LanjutkanMBG
 
 #MiskinEkstrem Budiman Sudjatmiko",mbg,1,3,menghidupkan ekonomi petani dan peternak lokal
176,93476,2019236319298482429,05/02/2026 0:00:00,"BGN dan Kemensos sedang mematangkan skema Makan Bergizi Gratis (MBG) khusus untuk lansia dan disabilitas. Tujuannya agar kelompok rentan, terutama yang tinggal sendiri, mendapat asupan gizi tepat sasaran melalui jaringan SPPG.
 #LanjutkanMBG
 
 #MiskinEkstrem Budiman Sudjatmiko",mbg,0,,
177,93536,2019978100558492157,07/02/2026 0:00:00,"Kepala BGN Dadan Hindayana mengatakan bahwa program Makan Bergizi Gratis MBG efektif bantu orang tua penuhi gizi anak
 
 Kerja Nyata pemerintah atasi stunting dgn program MBG ♥️
 Setiap hari anak sekolah mendapat MBG tanpa perlu jajan lagi dan bisa menabung
 
 #LanjutkanMBG
 #bbvipks4",mbg,1,3,Kerja Nyata pemerintah atasi stunting dgn program MBG
178,93560,2019973138998784341,07/02/2026 0:00:00,"Program Makan Bergizi Gratis efektif untuk membantu para orang tua untuk pemenuhan gizi anak-anak mereka. 
 Berdasarkan hasil survei BPS menegaskan bahwa MBG berhasil menurunkan beban pengeluaran rumah tangga.
 
 #LanjutkanMBG 
 
 Gempa #더보이즈
 BPJS #EpsteinFiles Jujur Itu Penting",mbg,1,1," #LanjutkanMBG 
 
 Gempa #더보이즈
 BPJS #EpsteinFiles Jujur Itu Penting"
179,93568,2019650294918050059,06/02/2026 0:00:00,"Program Makan Bergizi Gratis bukanlah hanya tentang kesehatan, tetapi langkah yang menjadi strategi besar untuk membangun ekosistem UMKM di seluruh daerah di Indonesia.
 MBG melampaui kesehatan dan menjadi motor penggerak ekonomi lokal. 
 
 #LanjutkanMBG 
 
 Pacitan #sramhr Jogja",mbg,1,3,motor penggerak ekonomi
180,93663,2017085813868417406,30/01/2026 11:01:00,"Wajahnya adek-adek yang antusias nungguin Makan Bergizi Gratis bikin hati senang! Tak hanya mengenyangkan, menu yang bergizi juga membantu perkembangan mereka. Ini adalah bukti Kerja Nyata program MBG dalam upaya cetak generasi unggul! #LanjutkanMBG
 
 Prilly Januari HEMAT Jumat",mbg,1,3,bukti Kerja Nyata
181,93671,2017122546953654492,30/01/2026 13:27:00,"Lewat Program Makan Bergizi Gratis, dapur SPPG hadir memastikan anak-anak di zona prioritas mendapat asupan sehat dan berkualitas. Investasi nyata untuk generasi Indonesia yang sehat, cerdas, dan berdaya saing.
 
 #MBG
 #SPPG
 #GenerasiSehat
 #IndonesiaCerdas
 #LanjutkanMBG",mbg,1,3,Investasi nyata
182,93685,2017814361247781303,01/02/2026 0:00:00,"Kepala BGN Dadan Hindayana mengatakan bahwa anak Putus Sekolah dan anak yg tidak punya NIK mendapat Makan Bergizi Gratis MBG
 
 Kerja Nyata pemerintah atasi stunting dgn program MBG
 MBG untuk anak sekolah balita ibu hamil dan menyusui
 
 #LanjutkanMBG
 
 #ゴジュウジャー #sramhr",mbg,1,3,Kerja Nyata pemerintah atasi stunting dgn program MBG
183,93718,2017933726874017990,01/02/2026 0:00:00,"Menu istimewa Nasi Penggel Khas Kebumen untuk Program Makan Bergizi Gratis (MBG) hari ini! Ini adalah wujud Kerja Nyata kami dalam menyediakan gizi terbaik sekaligus mengenalkan kekayaan kuliner daerah. #LanjutkanMBG 
 
 giselle NCT Adnan Seonho #BeriCintaWaktu140",mbg,1,1,"#LanjutkanMBG 
 
 giselle NCT Adnan Seonho #BeriCintaWaktu140"
184,93818,2014899500637405285,24/01/2026 10:14:00,"Di bawah arahan BGN, program Makan Bergizi Gratis terus melakukan pembenahan besar-besaran. Pengangkatan ribuan tenaga kerja menjadi PPPK adalah bentuk Kerja Nyata dalam membangun fondasi SDM yang kuat dari hulu ke hilir. #LanjutkanMBG
 
 innalillahi Rest in Love Lula",mbg,1,3,bentuk Kerja Nyata
185,93929,2011633533467713645,15/01/2026 9:56:00,"Tidak semua pegawai SPPG Makan Bergizi Gratis MBG otomatis menjadi PPPK
 Berikut informasi nya :
 ✅Posisi tertentu
 ✅Sesuai kebutuhan 
 ✅ Sesuai aturan dan mengikuti seleksi yg ada
 
 Kerja Nyata pemerintah atasi stunting dgn program MBG ♥️
 #LanjutkanMBG
 
 #NIGMAR #NIGMOR",mbg,1,3,Kerja Nyata pemerintah atasi stunting dgn program MBG
186,94039,2010948712051458433,13/01/2026 12:35:00,"Ada yang meragukan terkait Program Makan Bergizi Gratis sudah menjangkau 58 juta penerima manfaat?
 Dengan Kerja Nyata pemerintah dan BGN, berdasarkan data yang valid, penerima manfaat MBG sudah menjangkau angka tersebut di seluruh Indonesia.
 
 #LanjutkanMBG 
 
 #TGAT Aurelie PPPK",mbg,1,3,Kerja Nyata pemerintah dan BGN
187,94121,2008426290500800696,06/01/2026 0:00:00,"Program Makan Bergizi Gratis (MBG) dirancang berbasis real food. Kemudian, pengawasanya dilakukan berlapis, dari dapur hingga ke meja makan anak. Karena yang dibangun merupakan fondasi kesehatan untuk generasi Indonesia ke depan.
 #ProgramMBG
 #LanjutkanMBG
 #IndonesiaSehat",mbg,1,1,Program Makan Bergizi Gratis (MBG) dirancang berbasis real food
188,94126,2007492366555590687,03/01/2026 0:00:00,"BGN bakal bangun 19.188 SPPG sepanjang 2025 sebagai Kerja Nyata untuk mendukung Program Makan Bergizi Gratis. Infrastruktur ini jadi fondasi agar MBG berjalan penuh mulai 8 Jan 2026, target 55,1 juta penerima. #LanjutkanMBG
 
 Amril Minyak #Venezuela #JAEMIN #箱根駅伝 Malmingan",mbg,1,1,"#LanjutkanMBG
 
 Amril Minyak #Venezuela #JAEMIN #箱根駅伝 Malmingan"
189,94141,2008425929564197371,06/01/2026 0:00:00,"Program Makan Bergizi Gratis (MBG) dirancang berbasis real food. Kemudian, pengawasanya dilakukan berlapis, dari dapur hingga ke meja makan anak. Karena yang dibangun merupakan fondasi kesehatan untuk generasi Indonesia ke depan.
 #ProgramMBG
 #LanjutkanMBG
 #IndonesiaSehat",mbg,1,3,Program Makan Bergizi Gratis (MBG) dirancang berbasis real food
190,94180,2006973497323725092,02/01/2026 0:00:00,"Program Makan Bergizi Gratis (MBG) hadir untuk memperkuat ketahanan gizi kelompok rentan. Dengan makanan segar, aman, bergizi seimbang, dan bebas ultra-proses, MBG memastikan anak-anak, ibu hamil, dan lansia tetap sehat dan kuat.
 
 #MBG
 #SPPG
 #LanjutkanMBG
 #MBGbantuekonomi",mbg,1,3,"makanan segar, aman, bergizi seimbang, dan bebas ultra-proses"
191,94197,2008020575571284127,05/01/2026 0:00:00,"Program Makan Bergizi Gratis (MBG) adalah Kerja Nyata dalam menyiapkan generasi sehat dan cerdas. Gizi yang cukup membuat anak lebih fokus belajar dan siap menghadapi masa depan bangsa. #LanjutkanMBG
 
 #Hilirisasi100Triliun #MeAndTheeSeriesEP8 CONGRATULATIONS JIN",mbg,1,3,Kerja Nyata
192,94203,2008430782487162935,06/01/2026 0:00:00,"Program Makan Bergizi Gratis ini adalah bukti Kerja Nyata pemerintah dalam meningkatkan kualitas sumber daya manusia di Indonesia demi masa depan yang lebih cerah
 #LanjutkanMBG 
 
 Jule Program MBG fokus biar cepat Sekolah Rakyat Amorim",mbg,1,3,Kerja Nyata
193,94207,2008497172036415875,06/01/2026 0:00:00,"Indonesia sedang menorehkan sejarah! Program Makan Bergizi Gratis (MBG) kita menjangkau 55 juta penerima manfaat, setara dengan memberi makan Singapura 8 kali lipat. Ini adalah bentuk Kerja Nyata untuk masa depan bangsa. #LanjutkanMBG
 
 #CatForCash #ASDPMelayaniSepenuhHati",mbg,1,3,Kerja Nyata
194,94305,2005131772712116326,28/12/2025 11:20:00,"Kepala Badan Gizi Nasional Dadan Hindayana mengatakan bahwa BGN telah Salurkan 2,2juta porsi makan bergizi gratis MBG di aceh pasca bencana.
 Ini merupakan Kerja Nyata pemerintah untuk memastikan ketahanan gizi masyarakat Aceh tetap terjaga pasca bencana
 
 #LanjutkanMBG
 #FGO",mbg,1,3,Kerja Nyata
195,94507,2003107623168852325,22/12/2025 21:17:00,"Kementerian PU terus Kerja Nyata membangun Dapur MBG di Aceh, Sumatera Utara, dan Sumatera Barat. Program ini bagian dari Paket Pembangunan Gedung SPPG 1 Tahun Anggaran 2025. Mendukung program makan bergizi gratis! #LanjutkanMBG
  
  Senin Selamat Hari Ibu Nahan #sstvi #SnowMan",mbg,1,3,Kerja Nyata
196,94581,2002965387433099775,22/12/2025 11:52:00,"Program Makan Bergizi Gratis telah mendongkrak usaha telur asin di Madiun, sehingga menghasilkan omset yang naik puluhan kali lipat. 
 Kerja Nyata Program MBG mendorong peningkatan perekonomian UMKM dan masyarakat lokal.
 
 #LanjutkanMBG 
 
 Carmen #JossGawin 
 Selamat Hari Ibu #Ashes",mbg,1,3,Kerja Nyata
197,94586,2003329718691799525,23/12/2025 11:59:00,"Makan Bergizi Gratis di wilayah Yogyakarta diberikan secara apel pada masa libur sekolah. 
 Disdikpora Daerah Istimewa Yogyakarta, memastikan program Makan Bergizi Gratis tidak berarti selama masa liburan sekolah.
 
 #LanjutkanMBG 
 
 Depe #الهلال_الشارقة NPWP #Crypto Nahan",mbg,1,1," #LanjutkanMBG 
 
 Depe #الهلال_الشارقة NPWP #Crypto Nahan"
198,94750,1999476248964387298,12/12/2025 0:00:00,"Kerja Nyata BGN: Distribusi Makan Bergizi Gratis (MBG) terus menjadi prioritas utama di daerah bencana seperti Sumatera Barat, Sumatera Utara, dan Aceh #LanjutkanMBG
 
 Kalibata MIN YOONGI jeno LDII YOONGI UPDATE #JANUAXRENJUN",mbg,1,1,"#LanjutkanMBG
 
 Kalibata MIN YOONGI jeno LDII YOONGI UPDATE #JANUAXRENJUN"
199,94788,1997524942787837964,07/12/2025 0:00:00,"Badan Gizi Nasional (BGN) menargetkan total penerima manfaat program Makan Bergizi Gratis (MBG) menembus 60 jt penerima akhir tahun 2025.
 MBG buat anak sekolah dan ibu hamil 
 Kerja Nyata pemerintah atasi stunting dgn program MBG ♥️
 #LanjutkanMBG
 
 #BMMF15xFOURTH
 #ゴジュウジャー",mbg,1,3,Kerja Nyata pemerintah atasi stunting dgn program MBG
200,94864,1996789709683786223,05/12/2025 0:00:00,"Presiden @prabowo memberikan pesan kepada Badan Gizi Nasional (BGN) untuk memastikan pelaksanaan program Makan Bergizi Gratis (MBG) berjalan baik dan aman, dengan penekanan pada kualitas, kebersihan, dan percepatan
 Kerja Nyata pemerintah atasi stunting 
 #LanjutkanMBG
 #ZeeNuNew",mbg,1,2,@prabowo
201,94874,1996782755682861281,05/12/2025 0:00:00,"Ini lho guysss, lima program studi yang lulusannya dapat direkrut untuk mendukung Kerja Nyata program makan bergizi gratis (MBG) melalui Satuan Pelaksana Program Gizi (SPPG). #LanjutkanMBG
 
 Film Riba NKRI #SelamatkanGajahsumatra #NegaraHadirDiPapua #ラヴィット",mbg,1,1,"#LanjutkanMBG
 
 Film Riba NKRI #SelamatkanGajahsumatra #NegaraHadirDiPapua #ラヴィット"
202,94883,1997529805278040538,07/12/2025 0:00:00,"BGN targetkan pembangunan 24 rb dapur Makan Bergizi Gratis hingga akhir 2025.
 Kepala BGN Dadan Hindayana menyampaikan hal ini saat jadi narasumber di Rapimnas Kadin Indonesia di Jakarta, Senin (1/12/2025)
 Kerja Nyata pemerintah atasi stunting dgn MBG
 #LanjutkanMBG 
 
 #Strictly CNN",mbg,1,3,Kerja Nyata pemerintah atasi stunting dgn MBG
203,94898,1996422096394887383,04/12/2025 0:00:00,"Program MBG memiliki berbagai cerita unik dari siswa. Program Makan Bergizi Gratis membawa kebahagiaan tersendiri bagi siswa. Kerja Nyata nya menjadi motivasi bagi siswa untuk masuk sekolah dan mengikuti pelajaran.
 #LanjutkanMBG
 
 #SumateraPrioritasNasional #OnlyMonday #gntmgr",mbg,1,3,Kerja Nyata
204,94965,1994968083434496042,30/11/2025 10:13:00,"Kepala Badan Gizi Nasional BGN Dadan Hindayana menjamin bahwa program Makan Bergizi Gratis MBG yg dijalankan SPPG seluruh Indonesia 🇮🇩 akan menciptakan ekosistem baru menggerakkan ekonomi rakyat.
  Kerja Nyata pemerintah atasi stunting dgn program MBG 
  
  #LanjutkanMBG
  #2025MAMA",mbg,1,3,Kerja Nyata pemerintah atasi stunting dgn program MBG
205,94977,1994960956414464428,30/11/2025 9:45:00,"Kepala Badan Gizi Nasional BGN Dadan Hindayana menjamin bahwa program Makan Bergizi Gratis MBG yg dijalankan SPPG seluruh Indonesia 🇮🇩 akan menciptakan ekosistem baru menggerakkan ekonomi rakyat
 
 #LanjutkanMBG
 #ベストアーティスト2025
 #2025MAMA",mbg,1,1," #LanjutkanMBG
 #ベストアーティスト2025
 #2025MAMA"
206,94985,1994604262735974636,29/11/2025 10:08:00,"Proses distribusi Makan Bergizi Gratis MBG oleh SPPG buat anak2 sekolah mengalami tantangan berat ketika melewati medan banjir yg tentu sulit di lewati kendaraan.
 Tapi para petugas SPPG tidak kenal menyerah tetap Kerja Nyata mengirim makanan MBG
 
 #LanjutkanMBG
 #ENHYPEN #ZeePruk",mbg,1,3,Kerja Nyata
207,95026,1994956025020260489,30/11/2025 9:25:00,"Kerja Nyata SPPG Aceh mengalihkan sementara distribusi paket makan bergizi gratis ke korban banjir dan longsor. Tercatat, sebanyak 52 SPPG Aceh telah membagikan 185 ribu paket MBG kepada korban bencana.
 #LanjutkanMBG
 
 Bumi Cendrawasih NKRI #BersatuTanpaSeparatisme Sumatera",mbg,1,1,"#LanjutkanMBG
 
 Bumi Cendrawasih NKRI #BersatuTanpaSeparatisme Sumatera"
208,95160,1993145549202375074,25/11/2025 9:31:00,"Menteri Koordinator (Menko) bidang Pangan Zulkifli Hasan (Zulhas) menyebut program Makan Bergizi Gratis (MBG) membutuhkan 82,9 juta porsi protein setiap harinya di 2026.
 
 Kerja Nyata pemerintah atasi stunting dgn program MBG
 #LanjutkanMBG
 
 #كاريزما76 #sstvi",mbg,1,3,Kerja Nyata pemerintah atasi stunting dgn program MBG
209,95188,1993183364338364483,25/11/2025 12:02:00,"Makan Bergizi Gratis bukan hanya tentang pemberian makanan sehat dan nutrisi untuk anak-anak, balita, serta ibu hamil dan menyusui.
 Kerja Nyata Makan Bergizi Gratis terbukti mampu mendorong perekonomian masyarakat Buleleng.
 
 #LanjutkanMBG 
 
 Wapres Gibran Everton #paofc Bu Sri",mbg,1,3,Kerja Nyata Makan Bergizi Gratis
210,95223,1992095696321917334,22/11/2025 12:00:00,"Wakil Kepala BGN menyampaikan; pemerintah menargetkan sebanyak 11 juta santri masuk menjadi penerima manfaat program Makan Bergizi Gratis.
 Kerja Nyata terus dilakukan untuk perluasan terhadap penerima manfaat program MBG.
 
 #LanjutkanMBG
 
 PBSI #eaJPark Artis Nasional Rafi Ahmad",mbg,1,3,Kerja Nyata
211,95250,1991356325381497234,20/11/2025 11:02:00,"Ada yang janggal terkait penemuan kelabang dalam food tray Makan Bergizi Gratis.
 Tentunya hal ini akan jadi bahan evaluasi, selanjutnya dilakukan Kerja Nyata perbaikan oleh BGN demi mewujudkan pelaksanaan MBG yang berkualitas.
 
 #LanjutkanMBG 
 
 My Day AMI Awards lawan disinformasi",mbg,1,3,Kerja Nyata
212,95319,1991733314915561669,21/11/2025 12:00:00,"Makan Bergizi Gratis terbukti mampu membangkitkan semangat dan harapan bagi para penerima manfaat.
 Ada kerja keras & Kerja Nyata semua relawan SPPG sampai menu MBG bisa diterima dengan aman oleh anak anak Indonesia.
 
 #LanjutkanMBG
 
 Pagiii 4 SD #제노x재민_슈돌_꿈친구 Pangku Jumbo",mbg,1,3,Kerja Nyata
213,95349,1991733813806874854,21/11/2025 12:02:00,"Ada beragam cara agar anak anak penerima manfaat program Makan Bergizi Gratis tapi antusias dan bersemangat.
 Relawan SPPG berpakaian unik yaitu superhero saat mengantarkan menu MBG di SDN 01 Anyelir Depok.
 
 #LanjutkanMBG 
 
 4 SD Jumat Pagiii Jumbo Pangku #paobc KUHAP",mbg,1,1," #LanjutkanMBG 
 
 4 SD Jumat Pagiii Jumbo Pangku #paobc KUHAP"
214,95374,1992232099081048150,22/11/2025 21:02:00,"Program Makan Bergizi Gratis (MBG) bukan sekadar wacana, tapi Kerja Nyata untuk menjamin setiap anak mendapatkan asupan gizi terbaik. 
 #LanjutkanMBG
 
 Baraju Gentar LISA BINIGHANI PH ARENA BXC Park OUR MIRACLE LEE JIHOON DAY SKYNANI DUTCHMILL",mbg,1,3,Kerja Nyata
215,95404,1989922628493045961,16/11/2025 12:05:00,"Badan Gizi Nasional menegaskan komitmennya untuk terus menyempurnakan pelaksanaan program Makan Bergizi Gratis di seluruh Indonesia.
 MBG bertujuan untuk mewujudkan generasi muda Indonesia yang sehat kuat dan produktif.
 
 #LanjutkanMBG 
 
 Kulkas Narkoba #Trump Minggu #Gaza",mbg,1,1," #LanjutkanMBG 
 
 Kulkas Narkoba #Trump Minggu #Gaza"
216,95430,1989199996617740401,14/11/2025 12:13:00,"Presiden Prabowo menyampaikan tingkat keberhasilan pelaksanaan program MBG sebesar 99,99%: menjadi target sebanyak 82,9 juta penerima manfaat di akhir November 2025.
 Makan Bergizi Gratis adalah investasi jangka panjang bangsa Indonesia.
 
 #LanjutkanMBG
 
 BPJS Babu Termul Jumat",mbg,1,3,investasi jangka panjang
217,95440,1989199316045689266,14/11/2025 12:10:00,"Kementerian Sosial akan menyiapkan Makan Bergizi Gratis untuk lansia & penyandang disabilitas di Indonesia, dg anggaran Rp 15 Ribu per porsi.
 Program MBG untuk Lansia dan penyandang disabilitas akan dimulai tahun depan.
 
 #LanjutkanMBG 
 
 Jumat Pengadilan Rizky Ridho Babu #patlama",mbg,1,1,"#LanjutkanMBG 
 
 Jumat Pengadilan Rizky Ridho Babu #patlama"
218,95502,1989516438798057867,15/11/2025 9:10:00,"Di tengah riuh rendahnya dapur Program Makan Bergizi Gratis, tersimpan kisah-kisah inspiratif tentang perubahan nasib warga lokal. Kerja Nyata Program MBG terbukti membuka sumber pekerjaan baru bgi masyarakat di level akar rumput #LanjutkanMBG
 
 Termul CapCut Pro toner dita karang",mbg,1,3,Kerja Nyata
219,95577,1986962246099214414,08/11/2025 0:00:00,"Kerja Nyata BGN mendukung penggunaan menu lokal pada program Makan Bergizi Gratis
 Variasi menu MBG dengan menyelipkan menu lokal menjadi tips yang menarik dalam upaya optimalisasi konsumsi MBG.
 #LanjutkanMBG
 
 UDAAAAH BANG sumur mathilda BNPT PERDAMI diskonbertingkat",mbg,1,3,Kerja Nyata
220,95621,1987724868994138430,10/11/2025 0:00:00,"Program Makan Bergizi Gratis telah menjadi cahaya kebahagiaan satu keluarga. Kerja Nyata program MBG adalah bukti bahwa perubahan besar bisa dimulai dari sebuah piring kecil berisi nasi, sayur, dan senyum anak².
 #LanjutkanMBG
 
 #MenteriDesaDiCikondang Terus Bergerak PembinaBangsa",mbg,1,3,Kerja Nyata
221,95632,1987358217148788858,09/11/2025 0:00:00,"Program MBG telah sampai ke Kabupaten Merauke Papua Selatan
 Kerja Nyata SPPG Merauke untuk anak negeri
 
 Alhamdulillah ❤️ banyak siswa di Merauke sekarang lebih semangat masuk sekolah krn dapat makan bergizi gratis 😍
 Terima kasih pak @prabowo
 @Gerindra 
 
 #LanjutkanMBG
 
 #كاريزما76",mbg,1,2,"@prabowo
@Gerindra "
222,95667,1987385914063265851,09/11/2025 0:00:00,"Dear X kenapa wargamu always nyinyir dengan program Makan Bergizi Gratis?
 Dalam survey terbaru Indikator Politik Indonesia, sebanyak 55,7 % warga merasa puas dg pelaksanaan MBG.
 Kerja Nyata pemerintah dan BGN adalah demi anak anak Indonesia.
 
 #LanjutkanMBG 
 
 Army UDAAAAH BANG",mbg,0,,
223,95729,1986300131134808325,06/11/2025 0:00:00,"Pertumbuhan perekonomian hingga ke pelosok negeri negeri terus berjalan sbg dampak adanya program Makan Bergizi Gratis.
 Kerja Nyata MBG bukanlah beban negara justru menjadi mesin perekonomian rakyat. 
 
 #LanjutkanMBG
 
 Nessie #كاريزما76 Persib Dilan Formula E Zohran Mamdani #Trump",mbg,1,3,Kerja Nyata MBG
224,95856,1984850855749996771,02/11/2025 0:00:00,"Pelaksanaan Makan Bergizi Gratis di Kota Cimahi patut diacungi jempol, karena Kerja Nyata semua pihak berhasil tanpa kasus keracunan.
 Keberhasilan MBG di Cimahi menjadi bukti hasil keren diraih karena disiplin & niat baik.
 
 #LanjutkanMBG
 
 Minggu #BoBoiBoy BPJS Blankpit #patlama",mbg,1,3,Kerja Nyata
225,95870,1984615952819109913,01/11/2025 0:00:00,"SPPG MBG menjadi ujung tombak pelaksanaan program makan bergizi gratis. Dari dapur hingga distribusi, semuanya dikelola dengan disiplin dan penuh tanggung jawab. Inilah bukti Kerja Nyata dalam memastikan gizi setiap anak
 #LanjutkanMBG
 
 #s25fexmplids16 #vivoY21d",mbg,1,3,Kerja Nyata
226,95920,1984490149607321796,01/11/2025 0:00:00,"Salut untuk SPPG Polri yang terus menjaga kualitas dapur MBG!
 Dengan standar food safety yang diterapkan anak-anak penerima program Makan Bergizi Gratis bisa makan dengan tenang dan aman setiap hari
 #LanjutkanMBG Kerja Nyata
 
 MASIH PAGI November N",mbg,1,3,Kerja Nyata
227,96079,2033332220212232195,16/03/2026 6:59:00,"Kritik keras boleh saja, namun program gizi seperti MBG bertujuan melindungi kesehatan anak-anak. Yang penting sekarang adalah memperbaiki pengawasan, kualitas makanan, dan distribusi supaya manfaatnya benar-benar dirasakan siswa. 
 #LanjutkanMBG",mbg,0,,
228,96080,2033332072014885212,16/03/2026 6:58:00,"Kritik terhadap pelaksanaan MBG sah saja. Namun tujuannya tetap untuk membantu pemenuhan gizi anak di sekolah. Dengan pengawasan dan evaluasi yang baik, kualitas makanan dan distribusinya bisa terus diperbaiki. 
 #LanjutkanMBG",mbg,0,,
229,96083,2033331775217500506,16/03/2026 6:57:00,"Kalau ada menu MBG yang kurang layak, itu memang harus dilaporkan dan dievaluasi. Programnya bertujuan baik untuk pemenuhan gizi anak, jadi yang perlu diperbaiki adalah kualitas dan pengawasannya agar manfaatnya benar-benar dirasakan siswa. 
 #LanjutkanMBG",mbg,1,3,Programnya bertujuan baik
230,96093,2033329692519108732,16/03/2026 6:49:00,"Di negara demokrasi, masyarakat tentu bisa menyampaikan kritik atau mengawasi penggunaan APBN. Tapi MBG sendiri dibuat untuk memperbaiki gizi anak, jadi lebih baik fokus pada pengawasan dan perbaikan pelaksanaan agar manfaatnya benar-benar sampai ke siswa. 
 #LanjutkanMBG",mbg,1,3,pengawasan dan perbaikan
231,96103,2033328852756541521,16/03/2026 6:45:00,"MBG tetap dijalankan agar program gizi anak tidak terputus, meski saat Ramadan jadwal sekolah lebih singkat. Menu bisa dibawa pulang agar tetap bermanfaat. Evaluasi anggaran tentu perlu, tapi tujuan menjaga asupan gizi anak tetap penting. 
 #LanjutkanMBG",mbg,1,1,#LanjutkanMBG
232,96106,2033328446416490591,16/03/2026 6:44:00,"Tuduhan seperti itu perlu dibuktikan. Program MBG dibuat untuk memperbaiki gizi anak Indonesia. Jika ada kekurangan dalam pelaksanaan, solusinya evaluasi dan pengawasan, bukan langsung menyimpulkan niat buruk. 
 #LanjutkanMBG",mbg,1,3,evaluasi dan pengawasan
233,96133,2033327185176723566,16/03/2026 6:39:00,"Kritik boleh, tapi jangan abaikan tujuan utama MBG: memperbaiki gizi anak. Evaluasi pelaksanaannya penting, bukan menghentikan programnya. 
 #LanjutkanMBG",mbg,1,3,bukan menghentikan programnya
234,96122,2033325534256759131,16/03/2026 6:32:00,"Justru MBG dibuat supaya perbaikan gizi anak lebih merata dan tdkk hanya dinikmati kelompok tertentu saja. Dengan distribusi langsung di sekolah, banyak anak bisa mendapat akses makanan bergizi setiap hari. Programnya bisa terus diperbaiki. 
 #LanjutkanMBG",mbg,1,1,#LanjutkanMBG
235,96126,2033325110762066161,16/03/2026 6:30:00,"MBG bukan sekadar snack rapat. Tujuan utamanya memastikan anak-anak tetap mendapat asupan gizi setiap hari. Program besar pasti ada kekurangan di awal, tapi bisa diperbaiki lewat evaluasi bersama. 
 #LanjutkanMBG",mbg,1,1,#LanjutkanMBG
236,96128,2033324998149226906,16/03/2026 6:30:00,"24 rb dapur MBG 
 60 juta anak sekolah/ pesantren, balita ibu hamil dan menyusui diseluruh indonesia 🇮🇩
 Jelas banyak... Gaes 👌
 #LanjutkanMBG",mbg,0,,
237,96131,2033324827092906163,16/03/2026 6:29:00,"MBG bukan sekadar bagi makan gratis, tapi upaya memastikan anak-anak dapat asupan gizi seimbang setiap hari. Program ini penting untuk masa depan generasi sehat dan kuat. Jangan salah paham, mari dukung bersama. 
 #LanjutkanMBG",mbg,1,3,mari dukung bersama
238,96157,2033322601674895636,16/03/2026 6:21:00,"BGN tutup 1.512 SPPG karena tidak penuhi syarat operasional!
 
 Semua SPPG harus penuhi syarat dapur MBG sesuai SOP BGN 
 ✅ punya Sertifikat SLHS dari Dinas Kesehatan 
 ✅ Sanitasi Pengolahan sampah
 ✅ Air bersih
 ✅ Dapur higienis 
  
 #LanjutkanMBG",mbg,0,,
239,96427,2033292559985111445,16/03/2026 04.21,"Itu duit Mitra yg kasih THR sebagai bukti bentuk perhatian krn relawan MBG bekerja dengan sungguh2 benci banget kalian sama relawan yg dpt reward gak seberapa itu mereka tdk dpt THR dr BGN tp DIPERHATIKAN MITRA masih aja kalian goreng
  #LanjutkanMBG",mbg,0,,
240,96442,2033291396338368702,16/03/2026 04.17,"Eh klu cari berita itu yg bener mentang2 benci sama MBG lu ngehoax gak mau cek dan ricYour Code - 619746ek lek , punya akal itu dipakai jgn okol doang
  #LanjutkanMBG",mbg,0,,
241,80103,1976158698457501976,09/10/2025 12:32:00,Sedih itu pasti tapi kita harus terus mensuport MBG agar bisa lebih baik lagi dan tidak ada yang keracunan. #LanjutkanMBG,keracunan mbg,1,3,mensuport MBG
242,80105,1976158009266143265,09/10/2025 12:29:00,"Pemerintah tidak pernah ada niat meracuni rakyat, keracunan MBG karena menu kurang higienis dan baik. #LanjutkanMBG",keracunan mbg,1,3,tidak pernah ada niat meracuni
243,80129,1976135385039229340,09/10/2025 10:59:00,"Belum ada bukti resmi terkait keracunan mbg, jangan menggiring opini dan menyebarkan berita hoaks
 
 #LanjutkanMBG",keracunan mbg,0,,
244,80172,1976031880970633708,09/10/2025 4:08:00,"Semoga kedepannya perbaikan yang terus dilakukan oleh pemerintah dan pihak terkait bisa menghilangkan keracunan yang terjadi pada program MBG, #LanjutkanMBG agar berjalan sesuai dengan harapan masyarakat Indonesia.",keracunan mbg,1,1,#LanjutkanMBG
245,80243,1975941977142362231,08/10/2025 22:10:00,"Pemerintah bergerak cepat menelusuri isu keracunan MBG membuktikan bahwa keselamatan anak dan kualitas gizi tetap jadi prioritas utama dalam setiap kebijakan #LanjutkanMBG 
 
 #TimnasDay PERBAIKAN Menuju KEBAIKAN #GMMTVFANIVALxWilliamEst Trade $U",keracunan mbg,1,1,"#LanjutkanMBG 
 
 #TimnasDay PERBAIKAN Menuju KEBAIKAN #GMMTVFANIVALxWilliamEst Trade $U"
246,80249,1975936314613903739,08/10/2025 21:48:00,"Pemerintah sudah melakukan investigasi terkait isu keracunan MBG dengan langkah cepat dan terbuka memastikan keamanan makanan dan menjaga kepercayaan publik terhadap program ini #LanjutkanMBG 
 
 #TimnasDay PERBAIKAN Menuju KEBAIKAN #GMMTVFANIVALxWilliamEst Trade $U",keracunan mbg,1,1,"#LanjutkanMBG 
 
 #TimnasDay PERBAIKAN Menuju KEBAIKAN #GMMTVFANIVALxWilliamEst Trade $U"
247,80304,1975884548799115447,08/10/2025 18:22:00,"Nggak ada yang mau keracunan, dan nggak ada juga yang nyalahin korban. MBG tetep harus jalan karena niatnya bantu, cuma kudu lebih diperhatiin lagi. 
 #LanjutkanMBG",keracunan mbg,0,,
248,80306,1975882927566360648,08/10/2025 18:16:00,"Ya siapa sih yang mau keracunan? Nggak ada yang nyalahin korban lah. MBG tuh program bagus, cuma kalau ada kejadian gini akan jadi pelajaran buat ningkatin lagi, bukan nyari-nyari salah.
 #LanjutkanMBG",keracunan mbg,0,,
249,80426,1975798217364361299,08/10/2025 12:39:00,"Angka keracunan tidak bisa dijadikan dasar untuk menghapus program MBG justru ini tanda bahwa sistem pengawasan dan edukasi gizi harus diperkuat agar manfaatnya semakin terasa luas
 #LanjutkanMBG",keracunan mbg,0,,
250,80432,1975794548837368087,08/10/2025 12:25:00,"Kritik itu penting, tapi solusi lebih penting. Mari bantu perbaiki, bukan hentikan MBG. Dukung Presiden Prabowo dan Ketua BGN Pak Dadan gerak cepat atasi keracunan MBG.
 #LanjutkanMBG",keracunan mbg,1,3,"Mari bantu perbaiki, bukan hentikan MBG"
251,80434,1975791776272425422,08/10/2025 12:14:00,"Jangan hanya lihat isu, lihat juga aksinya.
 MBG tingkatkan standar higienitas demi cegah keracunan.
 Langkah konkret untuk anak Indonesia yang lebih sehat. 💪
 #LanjutkanMBG 
 
 #generasicampus2025 Trade $PTB #TimnasDay Idgitaf Kuyang",keracunan mbg,1,1,"#LanjutkanMBG 
 
 #generasicampus2025 Trade $PTB #TimnasDay Idgitaf Kuyang"
252,80439,1975787961552875788,08/10/2025 11:58:00,"Masalah keracunan MBG sangat disayangkan namun ini jadi cambuk pembelajaran agar MBG lebih baik lagi, ribut Politik sah2 saja tapi jangan ikut seret MBG yang nyata bantu rakyat. 🔥 #LanjutkanMBG",keracunan mbg,1,3,MBG yang nyata
253,80445,1975785985368858955,08/10/2025 11:51:00,"Gerak cepat atasi keracunan, ciptakan lapangan kerja, hingga membuka akses pangan bergizi bagi jutaan anak bangsa. 💪
 MBG adalah strategi besar untuk memastikan Indonesia kuat, sehat, dan mandiri di masa depan. 🇮🇩
 #LanjutkanMBG",keracunan mbg,1,3,"Indonesia kuat, sehat, dan mandiri"
254,80471,1975770694605807923,08/10/2025 10:50:00,"#LanjutkanMBG kawal program MBG, jangan sampai kasus keracunan terulang",keracunan mbg,0,,
255,80492,1975758950156148742,08/10/2025 10:03:00,"Kasus keracunan tentu jadi perhatian serius, dan pemerintah pun gerak cepat menanganinya 💪
 Namun jangan lupakan esensinya, MBG bukan sekadar memberi makan, tapi membangun semangat, konsentrasi, dan prestasi anak² Indonesia 🍱✨
 #LanjutkanMBG
 _
 Pagii #TimnasIndonesia #timnasday",keracunan mbg,1,3,jangan lupakan esensinya
256,80503,1975748994665009287,08/10/2025 9:24:00,"Presiden Prabowo langsung bertindak cepat memanggil pejabat terkait untuk memastikan kasus keracunan MBG ditangani tuntas. Komitmen kuat demi perbaikan dan keselamatan anak-anak bangsa.
 #LanjutkanMBG",keracunan mbg,1,1,#LanjutkanMBG
257,80504,1975748920857743763,"45879,39097","Kita semua berduka atas kasus keracunan MBG. Tapi daripada saling menyalahkan, lebih baik kita awasi dan perbaiki bersama agar kejadian serupa tidak terulang lagi. Demi anak-anak Indonesia yang sehat dan kuat.
 #LanjutkanMBG",keracunan mbg,1,3,Indonesia yang sehat dan kuat
258,80517,1975741231746719885,08/10/2025 8:53:00,"Masalah keracunan diperbesar tapi kita juga harus memilihat Program MBG bukan hanya sekadar memberi makan, tetapi juga bertujuan untuk meningkatkan, motivasi, konsentrasi, dan capaian prestasi siswa #LanjutkanMBG
 . 
 #TimnasDay Rakyat iPhone 15 JISOO JOONGDUNK JAIDEE FANIVAL",keracunan mbg,1,1,"#LanjutkanMBG
 . 
 #TimnasDay Rakyat iPhone 15 JISOO JOONGDUNK JAIDEE FANIVAL"
259,80521,1975739496995168383,08/10/2025 8:46:00,"Heboh kasus dugaan keracunan MBG
 Pemerintah gercep turun tangan bareng BPOM,Kemenkes & BGN buat pastiin setiap dapur MBG aman & bersih
 
 Sekarang audit & sistem pelacakan digital disiapin,biar semua bisa dipantau realtime
 
 #LanjutkanMBG
 
 Pagii TDS 1 Pagrees DOTS Impact #TimnasDay",keracunan mbg,1,1," #LanjutkanMBG
 
 Pagii TDS 1 Pagrees DOTS Impact #TimnasDay"
260,80522,1975735732871569855,08/10/2025 8:31:00,"Pemerintah cepat tangap atas Permasalahan keracunan dengan berbagai kebijakan yang di lakukan salah satunya keputusan Presiden tentang tata kelola MBG yang akan menjadi acuan pelaksanaan MBG selanjutnya. 
 
 #LanjutkanMBG
 
 Pagi DOTS Rabu
 #태연아_우리의_10년은_너였어
 #TimnasDay",keracunan mbg,1,1," #LanjutkanMBG
 
 Pagi DOTS Rabu
 #태연아_우리의_10년은_너였어
 #TimnasDay"
261,80557,1975710931310289404,08/10/2025 6:52:00,"Setiap kasus keracunan dijadikan acuan perbaikan sistem, biar MBG makin aman dan higienis untuk anak-anak.
 #LanjutkanMBG",keracunan mbg,0,,
262,80589,1975611779620483484,08/10/2025 0:18:00,"#LanjutkanMBG bermasalah begini? Kalau tak keracunan, ada saja MBG yang aneh begini.",keracunan mbg,0,,
263,80596,1975586822920307037,07/10/2025 22:39:00,"Di banjar banyak vendor2 MBG yg bagus2 masak cuma gara diduga keracunan begini semua program MBG dihentikan ? Yg perlu itu dievaluasi SPPG yg bekerja tdk sesuai SOP BGN bukan malah menghentikan MBG
 #LanjutkanMBG",keracunan mbg,0,,
264,80713,1974811552344912299,05/10/2025 19:18:00,Tenang MBG akan di evaluasi yang berkasus keracunan dan yang aman akan tetap lanjut. #LanjutkanMBG,keracunan mbg,0,,
265,80720,1974809494950420553,05/10/2025 19:10:00,Memang ada yang keracunan MBG tetapi itu bukan niatan meracuni rakyat tetapi kelalaian SPPG. #LanjutkanMBG,keracunan mbg,1,3,bukan niatan meracuni rakyat
266,80764,1974760221273981290,05/10/2025 15:55:00,"Faktanya banyak anak2 yg semangat menerima manfaat MBG , bila ada kejadian keracunan dll bukan programnya yg dihentikan tapi perlu dievaluasi lagi vendor2 penyebat keracuanan , makanan basi dll karena masih banyak vendor yg bagus dan amanah.
 #LanjutkanMBG 
 
 Minggu Guru
 #LoveStory",keracunan mbg,1,1," #LanjutkanMBG 
 
 Minggu Guru
 #LoveStory"
267,80785,1974738824275362053,05/10/2025 14:29:00,"Minggu ini bener² roller coaster: blackout Aceh, gempa Jatim, ponpes ambruk, sampe kilang kebakaran 😵‍💫. Keracunan MBG pun ikut rame. Tapi inget, problem = dibenerin, bukan stop program. #LanjutkanMBG",keracunan mbg,1,3,"problem = dibenerin, bukan stop program"
268,80819,1974693859147043321,05/10/2025 11:31:00,"Kepala Badan Gizi Nasional BGN Dadan Hindayana akan wajibkan rapid test makanan di semua dapur sekolah memastikan keamanan dan kualitas makanan MBG yg akan dimakan siswa
 SOP keamanan makanan MBG Harus dijaga ketat jangan sampai terjadi keracunan
 
 #LanjutkanMBG
 
 #BoF500 #BB19",keracunan mbg,1,1,"#LanjutkanMBG
 
 #BoF500 #BB19"
269,80831,1974676734420349333,05/10/2025 10:23:00,Yang keracunan itu karena kebanyakan daerah yang baru mulai dan belum mahir dalam menyediakan menu MBG dalam porsi besar. #LanjutkanMBG,keracunan mbg,0,,
270,80873,1974618388870881529,05/10/2025 6:31:00,"bukti lagi kalo ga semua kasus keracunan tuh gara² MBG. fitnah tuh cepet banget nyebar, klarifikasinya yang suka ga kedengeran 😩 #LanjutkanMBG",keracunan mbg,0,,
271,80938,1974488524704596198,04/10/2025 21:55:00,"Sedih banget denger berita hoax soal Bunga. Keluarga sdh klarifikasi, penyebabnya bukan keracunan MBG. Mari kita kirimkan doa terbaik & jaga perasaan keluarga yang berduka🙏🕊️ #LanjutkanMBG
 
 Bjorka STEM #ParisFashionWeek #Malmingan #Loewe #オールスター感謝祭2025秋 Taehyung Jennie",keracunan mbg,0,,
272,80975,1974465083050013163,04/10/2025 20:22:00,"Jangan seneng dulu kalo ada kasus keracunan terus dipake buat nyerang MBG 😑 ribuan anak yg terbantu tiap hari tuh real, bukan teori. Masalah teknis bisa dibenahin, programnya tetep perlu. #LanjutkanMBG",keracunan mbg,1,3,"Masalah teknis bisa dibenahin, programnya tetep perlu"
273,81017,1974422024492871788,04/10/2025 17:31:00,"Isu meninggalnya siswi SMKN 1 Cihampelas karena keracunan MBG dipastikan tidak benar. Keluarga dan Dinkes menegaskan penyebabnya adalah sakit lambung bawaan. Mari hormati privasi keluarga, jangan sebarkan hoaks. #LanjutkanMBG 
 
 #TAEHYUNGxCELINE Bjorka",keracunan mbg,0,,
274,81020,1974420594096828576,04/10/2025 17:25:00,"Sebagian besar yang berkasus keracunan ini sebagian besar karena daerahnya baru mulai dapat MBG kak, yang sudah lama jalan kebanyakan memang sudah lebih baik. #LanjutkanMBG",keracunan mbg,0,,
275,81031,1974411398794105074,04/10/2025 16:48:00,"Keracunan bisa kejadian di mana aja, bahkan di hajatan biasa. Jadi gak fair kalo langsung blame MBG. Anak2 tetep butuh makan bergizi tiap hari 👏 #LanjutkanMBG",keracunan mbg,0,,
276,81033,1974409579045044632,04/10/2025 16:41:00,"Bukan dianggap, orang keluarga juga sudah share kok kalau almarhumah bukan keracunan. Apa-apa disangkutin sama MBG tuh konsepnya gimana yah? Dahal program bagus. Sistem perlu lebih ketat dan pengawasan terus maka #LanjutkanMBG",keracunan mbg,1,3,Sistem perlu lebih ketat dan pengawasan terus maka
277,81042,1974403340718219520,04/10/2025 16:16:00,"Netizen jangan gampang kegiring deh 🙃 keracunan bisa kejadian di event manapun, bukan cuma MBG. Justru ini tandanya quality control harus lebih ketat, bukan programnya diberhentiin. #LanjutkanMBG",keracunan mbg,0,,
278,81052,1974401389079236975,04/10/2025 16:09:00,"Guys, keracunan makanan tuh bisa kejadian di mana aja, bahkan di catering biasa. Jadi jangan buru2 judge MBG gagal. Yang penting evaluasi & perbaikan biar aman next time. #LanjutkanMBG",keracunan mbg,0,,
279,81218,1974307082318065812,04/10/2025 9:54:00,"Pemerintah terus memastikan program Makan Bergizi Gratis (MBG) aman dengan standar higienitas, pengawasan ketat, dan sertifikasi penyedia. Tujuannya, cegah keracunan sekaligus dukung tumbuh kembang anak Indonesia
 #LanjutkanMBG
 
 V FOR PARIS FASHION WEEK",keracunan mbg,1,1," #LanjutkanMBG
 
 V FOR PARIS FASHION WEEK"
280,81223,1974305588986458172,04/10/2025 9:48:00,"Isu meninggalnya siswi SMKN 1 Cihampelas karena keracunan MBG dipastikan tidak benar. Keluarga dan Dinkes menegaskan penyebabnya adalah sakit lambung bawaan. Mari hormati privasi keluarga, jangan sebarkan hoaks.
 #LanjutkanMBG
 
 #TAEHYUNGxCELINE Bjorka",keracunan mbg,0,,
281,81230,1974301999207506253,04/10/2025 9:34:00,"Kepergian Bunga meninggalkan duka mendalam bagi keluarga,namun Fakta'y,ia meninggal karena sakit lambung,bukan keracunan MBG seperti yg ramai di perbincangkan
 Mari kita jaga hati keluarga yg sedang berduka dengan tidak menyebarkan hoaks
 
 #LanjutkanMBG
 
 Pagiii Mainan Adian #zonaba",keracunan mbg,0,,
282,81237,1974299948452855816,04/10/2025 9:26:00,"Keracunan MBG itu soal teknis, bukan salah programnya. Jangan digoreng jadi drama politik, tapi perbaiki regulasi & SOP biar makin aman ✊ #LanjutkanMBG",keracunan mbg,1,3,"Keracunan MBG itu soal teknis, bukan salah programnya"
283,81239,1974298622008414579,04/10/2025 9:20:00,"Keracunan MBG bukan salah programnya, melainkan teknis pelaksanaan yang perlu dibenahi. Seperti kecelakaan pesawat, solusinya perbaikan SOP, bukan berhenti terbang. Begitu juga MBG, demi anak-anak Indonesia program ini harus diteruskan. #LanjutkanMBG",keracunan mbg,1,3,"MBG bukan salah programnya, melainkan teknis pelaksanaan"
284,81240,1974298324523233292,04/10/2025 9:19:00,"Prabowo menegaskan kasus keracunan MBG jangan dipolitisasi. Program ini hadir untuk membantu anak-anak yang masih sulit mendapatkan makanan bergizi. Masalah teknis bisa diperbaiki, tapi programnya harus terus berjalan. #LanjutkanMBG",keracunan mbg,1,3,"Masalah teknis bisa diperbaiki, tapi programnya harus terus berjalan"
285,82724,1975710931310289404,08/10/2025 6:52:00,"Setiap kasus keracunan dijadikan acuan perbaikan sistem, biar MBG makin aman dan higienis untuk anak-anak.
 #LanjutkanMBG",keracunan mbg,1,3,kasus keracunan dijadikan acuan perbaikan sistem
286,82769,1975586822920307037,07/10/2025 22:39:00,"Di banjar banyak vendor2 MBG yg bagus2 masak cuma gara diduga keracunan begini semua program MBG dihentikan ? Yg perlu itu dievaluasi SPPG yg bekerja tdk sesuai SOP BGN bukan malah menghentikan MBG
 #LanjutkanMBG",keracunan mbg,1,1,#LanjutkanMBG
287,82792,1975563412290814436,07/10/2025 21:06:00,"Setiap insiden adalah evaluasi. Tanpa mengurangi rasa empati, kita hrs melihat kasus keracunan MBG sebagai momentum untuk meningkatkan kualitas & keamanan, bukan untuk menghentikan program yg vital ini. #LanjutkanMBG
 
 Selasa Duren #zonajajan Durian #CHANEL #CHANELSS26 #viral",keracunan mbg,1,1,"#LanjutkanMBG
 
 Selasa Duren #zonajajan Durian #CHANEL #CHANELSS26 #viral"
288,82877,1975506319164473672,07/10/2025 17:19:00,"Semoga segera lekas sehat yang keracunan. Pihak terkait segera cek dan memberikan bantuan moril dan materil untuk korban jika benar karena MBG, mohon segera ditindak. #LanjutkanMBG",keracunan mbg,0,,
289,82906,1975486260928999639,07/10/2025 16:00:00,"Bravo, Sekarang kalo ada keluhan soal program MBG, jangan cuma kritik di medsos. Cus lapor ke hotline aduan keracunan Kemenkes atau WhatsApp di 0877777591097.
 
 #LanjutkanMBG 
 
 Selasa Siang FIFA JISOO",keracunan mbg,1,3,hotline aduan keracunan Kemenkes
290,82910,1975485114420510796,07/10/2025 15:55:00,"Duka cinta yg mendalam untuk seluruh korban kasus keracunan MBG, evaluasi terhadap program itu harus, perbaiki yg salah itu wajib
 #LanjutkanMBG 
 
 #LaCasaDeLosFamososMx 
 #LaVozArgentina #CHANELSS26",keracunan mbg,1,3,"evaluasi terhadap program itu harus, perbaiki yg salah itu wajib"
291,82966,1975435932259287526,07/10/2025 12:40:00,"Penting banget nih buat kita tahu, kalo ada keluhan soal program MBG, jangan cuma diem / ngomel di medsos. Langsung aja lapor ke hotline aduan keracunan Kemenkes atau WhatsApp di 0877777591097.
 Suara kita penting buat perbaikan! #LanjutkanMBG
 
 HUANG RENJUN THANK YOU #JENNIE FIFA",keracunan mbg,1,3,hotline aduan keracunan Kemenkes
292,82967,1975435399016436184,07/10/2025 12:37:00,Jajan depan sekolah: gak keracunan hari ini. Besok? Belum tentu 😭 setidaknya MBG masih ada standar & bisa diperbaiki kalau salah. #LanjutkanMBG,keracunan mbg,1,3,MBG masih ada standar & bisa diperbaiki
293,82969,1975433928220754057,07/10/2025 12:32:00,Keracunan MBG ini kan karena beberapa faktor bukan hanya menu MBG yang kurang layak kak. #LanjutkanMBG,keracunan mbg,1,3,Keracunan MBG ini kan karena beberapa faktor
294,82974,1975428145273778664,07/10/2025 12:09:00,Keracunan MBG ini memang ada kelalaian pihak dapurnya dan sudah distop. #LanjutkanMBG,keracunan mbg,0,,
295,82989,1975414037694537850,07/10/2025 11:13:00,"Lucu sih, yang anaknya sehat dan terbantu MBG gak disuarain, tapi yang katanya keracunan (tanpa bukti) dijadikan headline 🙃
 #LanjutkanMBG",keracunan mbg,1,3,Lucu sih
296,82995,1975412314599006637,07/10/2025 11:06:00,"Lucu aja, satu dua kasus langsung digoreng seolah semua keracunan 😭 padahal ratusan ribu anak lain makan sehat tiap hari dari MBG.
 #LanjutkanMBG",keracunan mbg,1,3,Lucu aja
297,82997,1975412189965218281,07/10/2025 11:05:00,"Yg penting data, bukan drama 😮‍💨 sejauh ini gak ada bukti kuat soal keracunan MBG, malah banyak anak yg kesehatannya makin bagus.
 #LanjutkanMBG",keracunan mbg,1,3,"Yg penting data, bukan drama"
298,83016,1975382181716631965,07/10/2025 9:06:00,"Sebagai bukti keseriusan Pemerintah melalui @KemenkesRI buka hotline aduan keracunan program MBG
 
 Selain layanan darurat 119 masyarakat bisa menyampaikan keluhan melalui no WA 087 7777 591 097
 
 #LanjutkanMBG
 
 #LaCasaDeLosFamososMx
 #uzaksehir Moto GP Mandalika Lombok",keracunan mbg,1,1,"#LanjutkanMBG
 
 #LaCasaDeLosFamososMx
 #uzaksehir Moto GP Mandalika Lombok"
299,83020,1975380064696213717,07/10/2025 8:58:00,"Guys, pemerintah gak main2 soal keamanan program MBG! Kemenkes buka hotline aduan keracunan, selain layanan darurat 119. Ada juga WhatsApp di 0877777591097. Ini bukti serius, bukan drama! Jadi, jgn ragu buat lapor kalo ada masalah ya. #LanjutkanMBG
 
 Selasa Pagii FIFA Trade $Hana",keracunan mbg,1,3,Kemenkes buka hotline aduan keracunan
300,83029,1975370315002986645,07/10/2025 8:19:00,"Pemerintah benar2 serius menjaga keamanan Program MBG,dengan membuka hotline aduan keracunan MBG
 
 Langkah ini bukti bahwa program MBG terus diawasi dan disempurnakan demi keamanan dan kesehatan anak-anak Indonesia
 
 #LanjutkanMBG
 
 Pagii Clarity Login #ดูธี่หยด3กับธี่รักธี่เมเจอร์",keracunan mbg,1,3,"hotline aduan keracunan MBG
 "
301,83195,1975126215725097152,06/10/2025 16:09:00,"BGN latih 1.800 petugas SPPG untuk mencegah terulangnya kasus keracunan MBG
 
 #LanjutkanMBG
 
 #helevier #ParisFashionWeek
 #BoF500",keracunan mbg,1,1,"#LanjutkanMBG
 
 #helevier #ParisFashionWeek
 #BoF500"
302,83210,1975110930443952408,06/10/2025 15:08:00,"BGN latih 1800 petugas SPPG di Bogor untuk mencegah terulangnya keracunan pangan akibat mengkomsumsi menu MBG agar kedepanya MBG menjadi semakin baik dan zero KLB.
 
 #LanjutkanMBG 
 
 BPN Update Ossy Darmamawan Purbaya",keracunan mbg,1,3,semakin baik dan zero KLB
303,83213,1975106528513572920,06/10/2025 14:51:00,"Tidak hanya memasak tapi juga memastikan setiap bahan dan prosesnya sesuai standar agar tidak ada lagi kasus keracunan makanan di dapur MBG
 #LanjutkanMBG
 
 Terus Konsisten Membaik Synchronize Panturas #GMMTVStarlympics2025 #UltimateTakeover #PertaruhanCintaJKT48",keracunan mbg,1,1,"#LanjutkanMBG
 
 Terus Konsisten Membaik Synchronize Panturas #GMMTVStarlympics2025 #UltimateTakeover #PertaruhanCintaJKT48"
304,83258,1975075608108703980,06/10/2025 12:48:00,"Semoga kedepannya MBG semakin baik dan kejadian KLB keracunan dll bisa di zero % , BGN selalu evaluasi sistem MBG agar. Semakin baik kedepannya bila ada keracunan dll yg harus dievaluasi vendornya bukan malah menghentikan program MBG 
 #LanjutkanMBG
 
 Senin Cirebon Indonesia Maju",keracunan mbg,1,3,semakin baik dan kejadian KLB keracunan dll bisa di zero %
305,83261,1975073451598807289,06/10/2025 12:39:00,"Potongan video sering kali bikin konteks jadi hilang. Pernyataan Kepala BGN soal keracunan MBG itu berdasar hasil temuan di lapangan. Mari biasakan verifikasi sebelum ikut menyimpulkan. #LanjutkanMBG
 
 Pencik kecil Senin Mandalika EYESCLOSED BY JISOO #PertaruhanCintaJKT48",keracunan mbg,1,1,"#LanjutkanMBG
 
 Pencik kecil Senin Mandalika EYESCLOSED BY JISOO #PertaruhanCintaJKT48"
306,83266,1975070955824374096,06/10/2025 12:29:00,"Siapa bilang tidak ada yang bertanggung jawab, nyatanya BGN selalu ada untuk semua korban keracunan MBG. #LanjutkanMBG",keracunan mbg,0,,
307,83287,1975053269157495013,06/10/2025 11:19:00,"Kasus keracunan itu penting dievaluasi, tapi jangan sampai menutup manfaat besar MBG. Jutaan keluarga sudah terbantu, anak-anak dapat gizi lebih baik. Perbaiki, jangan hentikan. #LanjutkanMBG",keracunan mbg,1,3,jangan sampai menutup manfaat besar MBG
308,83321,1975019214823149914,06/10/2025 9:04:00,"Jangan sampai kejadian keracunan dan berbagai persoalan lainnya berulang, pemerintah terus berupaya melakukan perbaikan di semua bagian dalam pelaksanaan program MBG.
 #LanjutkanMBG",keracunan mbg,0,,
309,83328,1975017385242525790,06/10/2025 8:56:00,"OMG! 😱 Presiden Prabowo beneran gercep soal MBG. Dinkes Jakarta Tengah udah kolaborasi sama banyak pihak biar sertifikasi higienisnya cepet kelar. Ini semua gara-gara kasus keracunan MBG kemarin. Semoga makin aman ya jajan di Jakarta🙏
 #LanjutkanMBG",keracunan mbg,0,,
310,83333,1975014370540437908,06/10/2025 8:44:00,"Cegah keracunan MBG Badan Gizi Nasional BGN melatih 1800 petugas SPPG penjamah makanan dapur MBG di Bogor Sukabumi
 Tujuan pelatihan ini adalah agar tidak terulang kembali kasus keracunan makanan MBG di beberapa daerah yg beberapa kali terjadi.
 
 #LanjutkanMBG
 
 #helevier #BoF500",keracunan mbg,1,1,"#LanjutkanMBG
 
 #helevier #BoF500"
311,89437,1975689096166318229,08/10/2025 5:26:00,"Bagaimana Pak, lebih baik fokus terhadap perbaikan yang menyeluruh dalam #LanjutkanMBG agar kebahagiaan anak anak Indonesia tetap ada.",https://x.com/kompascom/status/1958459925472141690?s=46,1,3,kebahagiaan anak anak Indonesia
312,89446,1975673631884910774,08/10/2025 4:24:00,"Pemerintah dan pihak terkait harus fokus terhadap perbaikan yang menyeluruh terhadap pelaksanaan program MBG.
 #LanjutkanMBG demi manfaat dan kebahagiaan anak anak Indonesia.",https://x.com/kompascom/status/1958459925472141690?s=46,1,3,kebahagiaan anak anak Indonesia
313,89557,1979640875644080558,19/10/2025 3:08:00,"Makanya BGN selalu mengevaluasi sop nya agar semakin baik , dapur2 SPPG yg bermasalah tdk menjalankan SOP di sanksi 
 #LanjutkanMBG",https://x.com/tirtoid/status/1979474212441240007?s=46,0,,
314,89580,1975582563986252188,07/10/2025 22:22:00,"Jangan lupa skrg udah ada program aduan untuk program MBG
 #LanjutkanMBG",https://x.com/bbcindonesia/status/1975535962647310530?s=46,0,,
315,89581,1976844586996973822,11/10/2025 9:57:00,"Pemerintah dan BGN sangat fokus untuk melakukan perbaikan agar tak ada lagi keracunan, sekaligus dampak buruk lainnya dalam pelaksanaan MBG.
 #LanjutkanMBG",https://x.com/bbcindonesia/status/1975535962647310530?s=46,0,,
316,89599,1978016983175049473,14/10/2025 15:36:00,"Mbg itu program yg bagus hanya evaluasi aja
 #LanjutkanMBG",https://x.com/bbcindonesia/status/1975535962647310530?s=46,1,3,Mbg itu program yg bagus
317,89601,1975768541031977254,08/10/2025 10:41:00,"Data kasus keracunan harus menjadi dasar evaluasi nasional agar standar kebersihan dan distribusi makanan diperkuat bukan alasan untuk menghentikan program gizi bagi anak sekolah
 #LanjutkanMBG",https://x.com/bbcindonesia/status/1975535962647310530?s=46,1,3,bukan alasan untuk menghentikan program
318,89602,1975710931310289404,08/10/2025 6:52:00,"Setiap kasus keracunan dijadikan acuan perbaikan sistem, biar MBG makin aman dan higienis untuk anak-anak.
 #LanjutkanMBG",https://x.com/bbcindonesia/status/1975535962647310530?s=46,1,3,kasus keracunan dijadikan acuan perbaikan sistem
319,89604,1976741365519466973,11/10/2025 3:07:00,"Dia tidak mau juga tidak apa2 masih banyak siswa yg mau dan terbantu dengan MBG ini 
 #LanjutkanMBG",https://x.com/bbcindonesia/status/1975535962647310530?s=46,0,,
320,89605,1976407543221195038,10/10/2025 5:00:00,"Dengan berbagai manfaat bagi masyarakat dan kebahagiaan anak anak Indonesia maka menghentikan program MBG bukan langkah bijak, #LanjutkanMBG dengan terus melakukan perbaikan di semua lini pelaksanaan adalah hal yang paling baik.",https://x.com/bbcindonesia/status/1975535962647310530?s=46,1,3,hal yang paling baik
321,89606,1977208816480727285,12/10/2025 10:04:00,Pemerintah dan BGN terus melakukan perbaikan yang menyeluruh agar #LanjutkanMBG bisa terhindar dari keracunan dan persoalannya lainnya.,https://x.com/bbcindonesia/status/1975535962647310530?s=46,1,3,terus melakukan perbaikan
322,89607,1977017492578222325,11/10/2025 21:24:00,"Musibah ini jadi pengingat bahwa sistem pengawasan gizi dan kebersihan harus terus diperkuat di setiap daerah.
 #LanjutkanMBG",https://x.com/bbcindonesia/status/1975535962647310530?s=46,0,,
323,89608,1976621546069438554,10/10/2025 19:11:00,"Programnya bagus, tapi pelaksana nakal harus dibersihkan. Jangan samakan semuanya.
 #LanjutkanMBG",https://x.com/bbcindonesia/status/1975535962647310530?s=46,1,3,"Programnya bagus, tapi pelaksana nakal harus dibersihkan"
324,89609,1976541779341324407,10/10/2025 13:54:00,"Setiap kebijakan publik pasti punya risiko namun solusi terbaik adalah memperbaiki pelaksanaan bukan menghentikan langkah yang memberi gizi untuk anak bangsa
 #LanjutkanMBG",https://x.com/bbcindonesia/status/1975535962647310530?s=46,1,3,memperbaiki pelaksanaan bukan menghentikan
325,89610,1977673743247024545,13/10/2025 16:52:00,"Insiden bisa terjadi di mana saja, tapi solusi adalah memperkuat pengawasan dan kualitas dapur MBG.
 Bukan menghentikan langkah baik untuk anak bangsa.
 #LanjutkanMBG",https://x.com/bbcindonesia/status/1975535962647310530?s=46,1,3,Bukan menghentikan
326,89611,1976413339900313924,10/10/2025 5:23:00,"Menghentikan program MBG bukan langkah tepat, #LanjutkanMBG dengan terus melakukan evaluasi dan perbaikan menyeluruh",https://x.com/bbcindonesia/status/1975535962647310530?s=46,1,3,Menghentikan program MBG bukan langkah tepat
327,89612,1976541515959894356,10/10/2025 13:53:00,"Pemerintah perlu menjelaskan sumber data dan hasil uji lab agar publik mendapat informasi yang berimbang Program gizi harus terus berjalan dengan peningkatan standar keamanan
 #LanjutkanMBG",https://x.com/bbcindonesia/status/1975535962647310530?s=46,0,,
328,89687,1979074806680031323,17/10/2025 13:39:00,"Semoga para siswa cepat pulih 🙏 Kasus ini semoga jadi evaluasi biar dapur MBG makin ketat jaga kebersihan & suhu makanan. Programnya bagus, tapi pengawasan harus top 👌 #LanjutkanMBG",https://x.com/merapi_uncover/status/1978717107614572983?s=46,0,,
329,89688,1979082252320485686,17/10/2025 14:09:00,"Kasus di Jogja jadi pelajaran penting buat perbaikan sistem. Tujuan MBG tetap mulia: anak sehat, sekolah semangat 🍱📚 #LanjutkanMBG",https://x.com/merapi_uncover/status/1978717107614572983?s=46,1,3,"anak sehat, sekolah semangat"
330,89690,1979083625673928845,17/10/2025 14:14:00,"Turut prihatin, tapi jangan buru-buru nyalahin. Justru ini momen buat perbaikan biar MBG makin aman dan terkontrol 🍱🙏 #LanjutkanMBG",https://x.com/merapi_uncover/status/1978717107614572983?s=46,1,3,"Turut prihatin, tapi jangan buru-buru nyalahin"
331,89692,1978858840301904319,16/10/2025 23:21:00,"Kami sedih mendengar kabar keracunan dalam pelaksanaan MBG. Keselamatan dan kesehatan penerima program adalah prioritas utama
 #LanjutkanMBG",https://x.com/merapi_uncover/status/1978717107614572983?s=46,0,0,
332,89771,1975677836024238461,08/10/2025 4:41:00,"Kadang ucapan pejabat bisa salah arti, tapi manfaat MBG tetap besar buat anak-anak 💚 #LanjutkanMBG",https://x.com/murtadhaone1/status/1974763748423508043?s=46,1,3,manfaat MBG
333,89772,1975677620877754738,08/10/2025 4:40:00,Yang penting sekarang perbaiki kualitas dan pengawasan biar gak terulang 💪 #LanjutkanMBG,https://x.com/murtadhaone1/status/1974763748423508043?s=46,1,3,perbaiki kualitas dan pengawasan
334,89786,1975678342167752720,08/10/2025 4:43:00,Jangan karena satu pernyataan terus semua hal baik dari programnya dilupain 😅 #LanjutkanMBG,https://x.com/murtadhaone1/status/1974763748423508043?s=46,1,3,angan karena satu pernyataan terus semua hal baik dari programnya dilupain
335,89905,1975313808580354516,07/10/2025 4:34:00,Fokus terhadap perbaikan pelaksanaan MBG ada hal yang paling bijak demi #LanjutkanMBG yang makin baik dan bermanfaat bagi seluruh masyarakat Indonesia.,https://x.com/murtadhaone1/status/1974763748423508043?s=46,1,3,perbaikan pelaksanaan MBG
336,89909,1975100129087787031,06/10/2025 14:25:00,"Kadang cuplikan bisa bikin salah paham, mungkin perlu denger konteks lengkap biar jelas arah pembahasannya. Program MBG kan niatnya buat perbaikan gizi dan kesehatan juga. #LanjutkanMBG",https://x.com/murtadhaone1/status/1974763748423508043?s=46,0,,
337,89910,1975440057894117645,07/10/2025 12:56:00,"Kalau ada yang ngomong gitu, ya salah banget. Tapi solusi bukan bubarin MBG — perbaiki sistemnya biar aman & anak-anak tetap makan bergizi 💪 #LanjutkanMBG",https://x.com/murtadhaone1/status/1974763748423508043?s=46,1,3,solusi bukan bubarin MBG
338,89912,1974999845225333074,06/10/2025 7:47:00,"Kenapa sih tiap ada program bagus untuk rakyat kecil selalu di ganggu? padahal rakyat membutuhkan banget MBG ini
 #LanjutkanMBG",https://x.com/murtadhaone1/status/1974763748423508043?s=46,1,3,rakyat membutuhkan banget MBG
339,89913,1975440118669582499,07/10/2025 12:56:00,Nggak semua pihak di MBG nyalahin korban kok. Banyak juga yang langsung turun bantu & evaluasi biar kejadian gak keulang 🙏 #LanjutkanMBG,https://x.com/murtadhaone1/status/1974763748423508043?s=46,0,,
340,89914,1977201823879716933,12/10/2025 9:37:00,"Kedepannya pemerintah lebih fokus untuk melakukan perbaikan dan pengawasan menyeluruh terhadap pelaksanaannya, #LanjutkanMBG bisa berjalan dengan sebaik baiknya.",https://x.com/murtadhaone1/status/1974763748423508043?s=46,1,1,perbaikan dan pengawasan
341,91241,2033523294297796914,16/03/2026 19:38:00,"Hoax lu sebar min gak ada loh kepala MBG bilang gitu pinter amat melintir berita bikin masyarakat bingung 
 #LanjutkanMBG",mbg,0,,
342,90512,2009051013337186353,08/01/2026 6:54:00,Itulah beliau buktikan bahwa beliau presiden seluruh Indonesia dengan akan terus memberikan Kerja Nyata program MBG seluruh Indonesia. #LanjutkanMBG,mbg,1,3,Kerja Nyata
343,90674,2022823019882918376,15/02/2026 6:59:00,"@kejarikotasmi sinergi dengan pemerintah daerah cek jalan rusak segera diperbaiki, sekolah sekolah rusak, perbaiki fasilitas umum dll
 Kerja Nyata pemerintah atasi stunting dgn program MBG
 @setkabgoid 
 #LanjutkanMBG",mbg,1,3,Kerja Nyata pemerintah atasi stunting dgn program MBG
344,91726,2032233272512823774,13/03/2026 6:12:00,"Presiden @prabowo
  Wakil Presiden @gibran_tweet
  @setkabgoid
  @DPR_RI
  @Gerindra
  @KemenkesRI
  @BPOM_RI
  
  Perlu evaluasi total sistem MBG agar kasus keracunan tdk terulang lagi
  Pengawasan sangat ketat dan peningkatan mutu makanan MBG ❤️
  
  #LanjutkanMBG",mbg,1,2,"@prabowo
  Wakil Presiden @gibran_tweet
  @setkabgoid
  @DPR_RI
  @Gerindra
  @KemenkesRI
  @BPOM_RI"
345,89931,1975422407587602596,07/10/2025 11:46:00,"Kadang cara ngomong pejabat bikin panas, tapi substansinya tetep: pengawasan dan kesehatan anak harus ditingkatin bareng-bareng 🙏 #LanjutkanMBG",mbg,1,3,pengawasan
346,90596,2016299894613606402,28/01/2026 6:58:00,"Kerja Nyata BGN wajibkan seluruh SPPG punya sertifikasi higiene spy MBG beneran bergizi, bersih dan aman dikonsumsi. Pelaksanaan terus diperbaiki 
 #LanjutkanMBG",mbg,1,3,Kerja Nyata BGN
347,91041,2033533905748599061,16/03/2026 20:20:00,"Anak-anak... jangan sia-siakan makanan program MBG ini.
 
 Karena kalian yg akan rugi kalo tidak menghabiskan makanannya, sementara kami tetap terima gaji.
 
 Jadi basi tidak basi, berbelatung atau tidak berbelatung, enak tidak enak, habiskan ya...
 
 #LanjutkanMBG",mbg,0,,
348,91159,2033527810359431207,16/03/2026 19:56:00,"Tidak semua anak Indonesia saat lebaran bisa makan besar dan enak kak, masih banyak dari kita yang tidak seberuntung yang dikota bisa makan mewah dengan seleranya masing-masing. Disinilah program MBG hadir untuk mereka yang kurang beruntung. #LanjutkanMBG",mbg,0,,
349,68358,1975794548837368087,08/10/2025 12:25:00,"Kritik itu penting, tapi solusi lebih penting. Mari bantu perbaiki, bukan hentikan MBG. Dukung Presiden Prabowo dan Ketua BGN Pak Dadan gerak cepat atasi keracunan MBG.
#LanjutkanMBG",keracunan mbg,1,3,"Kritik itu penting, tapi solusi lebih penting"
350,68711,1974738824275362053,05/10/2025 14:29:00,"Minggu ini bener² roller coaster: blackout Aceh, gempa Jatim, ponpes ambruk, sampe kilang kebakaran 😵‍💫. Keracunan MBG pun ikut rame. Tapi inget, problem = dibenerin, bukan stop program. #LanjutkanMBG",keracunan mbg,1,3,"problem = dibenerin, bukan stop program"
351,68959,1974409579045044632,04/10/2025 16:41:00,"Bukan dianggap, orang keluarga juga sudah share kok kalau almarhumah bukan keracunan. Apa-apa disangkutin sama MBG tuh konsepnya gimana yah? Dahal program bagus. Sistem perlu lebih ketat dan pengawasan terus maka #LanjutkanMBG",keracunan mbg,0,,
352,70832,1975486260928999639,07/10/2025 16:00:00,"Bravo, Sekarang kalo ada keluhan soal program MBG, jangan cuma kritik di medsos. Cus lapor ke hotline aduan keracunan Kemenkes atau WhatsApp di 0877777591097.

#LanjutkanMBG 

Selasa Siang FIFA JISOO",keracunan mbg,1,3,hotline aduan keracunan Kemenkes
353,70892,1975435932259287526,07/10/2025 12:40:00,"Penting banget nih buat kita tahu, kalo ada keluhan soal program MBG, jangan cuma diem / ngomel di medsos. Langsung aja lapor ke hotline aduan keracunan Kemenkes atau WhatsApp di 0877777591097.
Suara kita penting buat perbaikan! #LanjutkanMBG

HUANG RENJUN THANK YOU #JENNIE FIFA",keracunan mbg,1,3,hotline aduan keracunan Kemenkes
354,70893,1975435399016436184,07/10/2025 12:37:00,Jajan depan sekolah: gak keracunan hari ini. Besok? Belum tentu 😭 setidaknya MBG masih ada standar & bisa diperbaiki kalau salah. #LanjutkanMBG,keracunan mbg,1,3,standar & bisa diperbaiki
355,70915,1975414037694537850,07/10/2025 11:13:00,"Lucu sih, yang anaknya sehat dan terbantu MBG gak disuarain, tapi yang katanya keracunan (tanpa bukti) dijadikan headline 🙃
#LanjutkanMBG",keracunan mbg,1,3,Lucu sih
356,70921,1975412314599006637,07/10/2025 11:06:00,"Lucu aja, satu dua kasus langsung digoreng seolah semua keracunan 😭 padahal ratusan ribu anak lain makan sehat tiap hari dari MBG.
 #LanjutkanMBG",keracunan mbg,1,3,Lucu aja
357,70923,1975412189965218281,07/10/2025 11:05:00,"Yg penting data, bukan drama 😮‍💨 sejauh ini gak ada bukti kuat soal keracunan MBG, malah banyak anak yg kesehatannya makin bagus.
#LanjutkanMBG",keracunan mbg,1,3,"Yg penting data, bukan drama"
358,70942,1975382181716631965,07/10/2025 9:06:00,"Sebagai bukti keseriusan Pemerintah melalui @KemenkesRI buka hotline aduan keracunan program MBG

Selain layanan darurat 119 masyarakat bisa menyampaikan keluhan melalui no WA 087 7777 591 097

#LanjutkanMBG

#LaCasaDeLosFamososMx
#uzaksehir Moto GP Mandalika Lombok",keracunan mbg,1,1,"#LanjutkanMBG

#LaCasaDeLosFamososMx
#uzaksehir Moto GP Mandalika Lombok"
359,70955,1975370315002986645,07/10/2025 8:19:00,"Pemerintah benar2 serius menjaga keamanan Program MBG,dengan membuka hotline aduan keracunan MBG

Langkah ini bukti bahwa program MBG terus diawasi dan disempurnakan demi keamanan dan kesehatan anak-anak Indonesia

#LanjutkanMBG

Pagii Clarity Login #ดูธี่หยด3กับธี่รักธี่เมเจอร์",keracunan mbg,1,3,hotline aduan keracunan
360,70946,1975380064696213717,07/10/2025 8:58:00,"Guys, pemerintah gak main2 soal keamanan program MBG! Kemenkes buka hotline aduan keracunan, selain layanan darurat 119. Ada juga WhatsApp di 0877777591097. Ini bukti serius, bukan drama! Jadi, jgn ragu buat lapor kalo ada masalah ya. #LanjutkanMBG

Selasa Pagii FIFA Trade $Hana",keracunan mbg,1,3,"bukti serius, bukan drama! "
361,71121,1975126215725097152,06/10/2025 16:09:00,"BGN latih 1.800 petugas SPPG untuk mencegah terulangnya kasus keracunan MBG

#LanjutkanMBG

#helevier #ParisFashionWeek
#BoF500",keracunan mbg,1,1,"#LanjutkanMBG

#helevier #ParisFashionWeek
#BoF500"
362,71136,1975110930443952408,06/10/2025 15:08:00,"BGN latih 1800 petugas SPPG di Bogor untuk mencegah terulangnya keracunan pangan akibat mengkomsumsi menu MBG  agar kedepanya MBG menjadi semakin baik dan zero KLB.

#LanjutkanMBG 

BPN Update Ossy Darmamawan Purbaya",keracunan mbg,1,3,"semakin baik dan zero KLB
"
363,71187,1975073451598807289,06/10/2025 12:39:00,"Potongan video sering kali bikin konteks jadi hilang. Pernyataan Kepala BGN soal keracunan MBG itu berdasar hasil temuan di lapangan. Mari biasakan verifikasi sebelum ikut menyimpulkan. #LanjutkanMBG

Pencik kecil Senin Mandalika EYESCLOSED BY JISOO #PertaruhanCintaJKT48",keracunan mbg,1,1,"#LanjutkanMBG

Pencik kecil Senin Mandalika EYESCLOSED BY JISOO #PertaruhanCintaJKT48"
364,71192,1975070955824374096,06/10/2025 12:29:00,"Siapa bilang tidak ada yang bertanggung jawab, nyatanya BGN selalu ada untuk semua korban keracunan MBG. #LanjutkanMBG",keracunan mbg,1,3,BGN selalu ada untuk semua korban keracunan
365,,1975017385242525790,06/10/2025 8:56:00,"OMG! 😱 Presiden Prabowo beneran gercep soal MBG. Dinkes Jakarta Tengah udah kolaborasi sama banyak pihak biar sertifikasi higienisnya cepet kelar. Ini semua gara-gara kasus keracunan MBG kemarin. Semoga makin aman ya jajan di Jakarta🙏
#LanjutkanMBG",keracunan mbg,0,,
366,77565,1978284558521921568,15/10/2025 9:19:00,"Kalo kayak gini masih mau nyalahin Dapur MBGnya? Atau nyalahin program MBGnya? Kan lucu banget 
Harusnya judul beritanya beberapa orang keracunan sisa makanan MBG gitu 
#LanjutkanMBG",keracunan mbg,0,,
367,77664,1978070579593789446,14/10/2025 19:09:00,"Bukan cuma chef, tapi guardian of health 😎🍱
Sebanyak 10 ribu penjamah pangan dilatih sama BGN biar makanan dari dapur MBG makin aman, bersih, dan bebas dari risiko keracunan.
 
#LanjutkanMBG 

HUANG RENJUN THANK YOU Family Office Feodalisme Guru PBNU",keracunan mbg,1,1," #LanjutkanMBG 

HUANG RENJUN THANK YOU Family Office Feodalisme Guru PBNU"
368,77540,1978272027883565419,15/10/2025 8:29:00,"Tetap #LanjutkanMBG 
KLB kemarin akibat keracunan MBG itu bukan krn salah dari Programnya.. 

Dan smua Kasusnya sudah ditangani, dievaluasi dan di audit investigasi. 

Bercontoh dg kasus yg udah udah kok terusss?? 

Panas PBNU Duwet Na PD Guru Merokok Murid",keracunan mbg,0,,
369,77888,1977673986202017949,13/10/2025 16:53:00,"Kalau ada laporan keracunan, jangan buru-buru menyalahkan.
MBG Watch dorong investigasi terbuka biar jelas akar masalahnya dan bisa diperbaiki cepat. 🕵️‍♂️ #LanjutkanMBG",keracunan mbg,1,3,MBG Watch dorong investigasi terbuka
370,77764,1977916626063540464,14/10/2025 8:57:00,"Program MBG sedang dalam proses evaluasi karena adanya banyak kasus keracunan makanan di berbagai daerah. berfokus pada peningkatan kualitas dan keamanan, hingga pengawasan yang lebih ketat. #LanjutkanMBG
. 
JOSSGAWIN IN MEXICO Percepat NKRI Sejahtera Apel Pagi Generasi",keracunan mbg,1,1,"#LanjutkanMBG
. 
JOSSGAWIN IN MEXICO Percepat NKRI Sejahtera Apel Pagi Generasi"
371,80050,1976206593168756934,09/10/2025 15:42:00,"Presiden Prabowo Subianto nilai penambahan Wamenkes akan bantu tugas besar Kemenkes, termasuk masalah dugaan keracunan akibat MBG. Prioritaskan keselamatan dan kesehatan anak-anak.
#LanjutkanMBG",keracunan mbg,0,,
372,60618,1973646392410382824,02/10/2025 14:09:00,"Program MBG dengan dampak yang ditimbulkannya sudah seharusnya segera diselesaikan oleh pihak terkait, melihat manfaat dan masih antusiasnya anak Indonesia maka #LanjutkanMBG harus diiringi dengan penyempurnaan di semua bagian.",keracunan mbg,1,3,antusiasnya anak Indonesia
373,60617,1973647198379536408,02/10/2025 14:12:00,"Menghentikan program MBG yang merupakan janji pak Prabowo bukan langkah bijak, apalagi dengan banyak manfaat dan besarnya antusiasme anak anak Indonesia maka #LanjutkanMBG dengan perbaikan menyeluruh adalah langkah terbaik.",keracunan mbg,1,3,langkah terbaik
374,60613,1973695009598922809,02/10/2025 17:22:00,"Banyak yang lebih sibuk membangun narasi daripada mencari solusi. Padahal, manfaat MBG nyata dirasakan masyarakat. Yuk, fokus pada hal positif, bukan saling menyalahkan.
 #LanjutkanMBG",keracunan mbg,1,3,manfaat MBG
375,60610,1973703719981318413,02/10/2025 17:56:00,"Jangan sampai karena segelintir masalah, manfaat yang jauh lebih besar dari MBG jadi hilang, Anak-anak butuh gizi tiap hari, bukan janji
#LanjutkanMBG

JASPER X BREEZE Selamat Hari Batik Nasional TNI Rakyat Selamanya #Timezone10Tizo",keracunan mbg,1,3,manfaat yang jauh lebih besar
376,60606,1973718000923750459,02/10/2025 18:53:00,"Dari penyataan itu aja udah jelas kalau penyebab utamanya bukan MBG. MBG selanjutnya akan terus dievaluasi biar bisa membawa manfaat yang nyata bagi anak Indonesia.
#LanjutkanMBG",keracunan mbg,1,3,manfaat yang nyata
377,60605,1973719838272135459,02/10/2025 19:00:00,"Keracunan tuh masalah yang bisa diperbaiki, bukan alasan buat nyerahin program ini. Yang penting, pelaksanaannya dibikin lebih serius biar manfaat MBG tetep bisa dirasain anak-anak.
#LanjutkanMBG",keracunan mbg,1,3,manfaat MBG
378,605601,1973726253875380600,02/10/2025 19:26:00,"Yang penting rakyat merasakan manfaat MBG, bukan ribut soal label buzzer. #LanjutkanMBG

#SDA2025xFilm 松本人志",keracunan mbg,1,3,manfaat MBG
379,60598,1973813905395982337,03/10/2025 1:14:00,"Pembenci pasti doanya jelek2 , gak mau melihat banyak juga siswa yg terbantu dan baik2 saja dapat manfaat MBG
#LanjutkanMBG",keracunan mbg,0,,
380,60589,1973942869410071027,03/10/2025 9:47:00,"Saat ribuan anak merasakan manfaat dari Program MBG, masih saja ada pihak yang ingin menghentikannya tanpa memikirkan bagaimana nasib anak-anak yang terbantu setiap harinya.
#LanjutkanMBG 
__
Bjorka pagiii tele totobrut kamis sarapan BPOM #FreePalestine",keracunan mbg,1,3,manfaat dari Program MBG
381,60587,1973972262601806094,03/10/2025 11:43:00,"MBG terbukti memberi manfaat yang jauh lebih besar karena tidak hanya mengenyangkan, tetapi juga memastikan anak-anak mendapatkan gizi seimbang yang menunjang tumbuh kembang optimal.
#LanjutkanMBG",keracunan mbg,1,3,manfaat yang jauh lebih besar
382,60585,1973976306300727511,03/10/2025 12:00:00,"Turut berduka untuk korban. Tapi jangan sampai satu kasus membuat jutaan keluarga lain kehilangan manfaat MBG. Yang perlu diperbaiki sistem pengawasan, bukan dihentikan. #LanjutkanMBG",keracunan mbg,1,3,bukan dihentikan
383,96544,2033277287098171461,16/03/2026 3:20:00,siapa yang mau ikut lemparin ompreng mbg ke agenshit ireng?,mbg,0,,
384,96545,2033275829258453304,16/03/2026 3:15:00,MBG sudah pasti,mbg,0,,
385,96546,2033275586349814170,16/03/2026 3:14:00,"Prabowo: Tak ada bantuan, MBG harus tetap jalan",mbg,0,,
386,96547,2033275391142760701,16/03/2026 3:13:00,itu klo nongkrong kendaraannya pakai mobil mbg ya,mbg,0,,
387,96548,2033275389381144769,16/03/2026 3:13:00,"Makan siang gratis? Keren banget! 🤩 Indonesia sekarang di board of peace, ini langkah positif buat masa depan yang lebih damai! 🌟 #BersamaMaju",mbg,1,4,🤩🌟
388,96549,2033275313287999839,16/03/2026 3:13:00,"Yusron bodoh.mbg gada di alkur,an ,yang ada gara2 mbg negara akan hancur",mbg,0,,
389,96550,2033275206203277591,16/03/2026 3:12:00,Hampir mustahil untuk efisiensi MBG karena.....,mbg,0,,
390,96551,2033274615074857103,16/03/2026 3:10:00,Coe MBG 😛😛😛😛,mbg,0,,
391,96552,2033274402717200502,16/03/2026 3:09:00,"Makan siang gratis, yuk! 🤩 Keren banget Indonesia gabung di Board of Peace! Bersama, kita ciptakan masa depan yang lebih cerah! 🌟",mbg,1,4,🤩🌟
392,96553,2033274222035050757,16/03/2026 3:08:00,"Program makan siang gratis bikin senyum anak-anak makin lebar! 😍 Indonesia juga makin cemerlang di kancah dunia. Gabung di board of peace, wujudkan perdamaian! ✌️",mbg,1,3,senyum anak-anak makin lebar
393,96554,2033274188728090801,16/03/2026 3:08:00,Mimpi saya pula beliau jadi korban keracunan MBG 👻,mbg,0,,
394,96555,2033273735386395100,16/03/2026 3:06:00,Lol it’s called MBG. Mafia By Government 😂,mbg,0,,
395,96556,2033273549746770411,16/03/2026 3:06:00,Jauh dari sebelum mbg wak ini,mbg,0,,
396,96557,2033273430448198133,16/03/2026 3:05:00,MBG cantik banget sih 🥰🥰🥰,mbg,0,,
397,96558,2033272967547998698,16/03/2026 3:03:00,"Mending tenaga kalian buat ngedemo pemerintah, demo berhentiin mbg, demo tentang altivis yg abis disiram air keras lah. Kalian dimana waktu ada demo demo yg jelas2 dibutuhin masyarakat? Kenapa malah bersuara buat orang yg gk kenal dan gk peduli kalian idup?",mbg,0,,
398,96559,2033272939748130940,16/03/2026 3:03:00,dicuciin dikira mbg,mbg,0,,
399,96560,2033272868147171796,16/03/2026 3:03:00,Makan siang gratis? Asyik banget! 😋 Indonesia makin keren di kancah dunia dengan masuk ke board of peace! 🌍 Ayo dukung program positif ini! #BersamaMembangunNegeri,mbg,1,4,😋 🌍
400,96561,2033271585579401499,16/03/2026 2:58:00,"Lho, yg ngurus dapur MBG terus siapa?",mbg,0,,
401,96562,2033271540868153682,16/03/2026 2:58:00,KEPIKIRAN AJE DAH 😭,mbg,0,,
402,96563,2033271432415973792,16/03/2026 2:57:00,"Udah Tante, masak mbg aj",mbg,0,,
403,96564,2033270474751541385,16/03/2026 2:53:00,"Rampingkan Jajaran wamen dan jabatan lainya yg byk menguras APBN , Stop MBG Pak.",mbg,0,,
404,96565,2033269520211771729,16/03/2026 2:50:00,"Makan bergizi gratis? Yes, bro! Pemerintah tegas banget untuk cegah korupsi! Yuk, dukung program ini biar semua anak dapat asupan yang sehat! 🍽️💪✨",mbg,1,4,🍽️💪✨
405,96566,2033269463878078788,16/03/2026 2:49:00,"Makan siang gratis? Keren banget! 😍 Indonesia juga gabung di board of peace, makin solid kita! ✌️ Yuk, dukung terus program positif ini! 🙌",mbg,1,4,😍✌️ 🙌
406,96567,2033269384375095534,16/03/2026 2:49:00,"Defisit defisit....tapi MBG tetap jjalan khaaaan pak??😁 mogimana lagi, proyek🤣",mbg,0,,
407,96568,2033269206599544904,16/03/2026 2:48:00,Gawean paling hina ya gawe di mbg,mbg,0,,
408,96569,2033269073317154981,16/03/2026 2:48:00,"TKD dipotong buat MBG, pura2 lupa lu tong",mbg,0,,
409,91922,2031701164002283872,11/03/2026 18:57:00,"Peristiwa keracunan massal harus jadi evaluasi serius, namun jangan sampai menghapus manfaat besar MBG bagi gizi anak-anak. #LanjutkanMBG",mbg,1,3,manfaat besar
410,91554,2033509289927827721,16/03/2026 18:42:00,"Wajar kalau masih ada yang salah paham soal MBG. Tapi kalau dilihat lebih dalam, program ini bukan sekadar bagi makan gratis, melainkan upaya peningkatan gizi. Itu yang disebut Kerja Nyata, bukan sekadar opini di medsos. #LanjutkanMBG",mbg,1,3,Kerja Nyata
411,91525,2033510127433892019,16/03/2026 18:46:00,"Banyak yang cuma lihat sekilas lalu bilang nggak guna. Padahal tujuan MBG itu pemenuhan gizi anak secara bertahap. Ini bentuk Kerja Nyata negara buat generasi sehat, bukan sekadar snack seperti yang dibilang. #LanjutkanMBG",mbg,1,3,Kerja Nyata
412,91498,2033511727263023564,16/03/2026 18:52:00,"Banyak yang ragu karena belum melihat dampaknya langsung, tapi program seperti MBG itu bagian dari Kerja Nyata pemerintah untuk memastikan anak-anak dapat asupan gizi yang lebih baik. Perbaikan gizi memang butuh waktu supaya hasilnya terlihat. #LanjutkanMBG",mbg,1,3,Kerja Nyata
413,91439,2033514189298483632,16/03/2026 19:02:00,"Program seperti ini menunjukkan Kerja Nyata yang dampaknya terasa langsung, bukan hanya membantu pemenuhan gizi anak tetapi juga menggerakkan UMKM di sekitar dapur MBG. #LanjutkanMBG",mbg,1,3,Kerja Nyata
414,91398,2033515941171253440,16/03/2026 19:09:00,"Program sebesar MBG memang mudah disalahpahami kalau cuma dilihat dari luarnya. Padahal di baliknya ada upaya perbaikan gizi generasi muda. Itu bukti Kerja Nyata, bukan sekadar bagi-bagi makanan seperti yang sering dituduhkan. #LanjutkanMBG",mbg,1,3,Kerja Nyata
415,91393,2033516098990362874,16/03/2026 19:09:00,"Banyak yang nyinyir, tapi lupa kalau masih banyak anak yang butuh asupan tambahan. MBG itu bukti Kerja Nyata pemerintah untuk membantu pemenuhan gizi, bukan sekadar snack rapat seperti yang dibilang. #LanjutkanMBG",mbg,1,3,Kerja Nyata
416,91381,2033516943282712658,16/03/2026 19:13:00,"Wajar kalau ada pertanyaan, tapi tujuan MBG jelas untuk memperbaiki gizi anak sejak dini. Ini bentuk Kerja Nyata dalam upaya menekan stunting dan mendukung perkembangan anak, bukan sekadar bagi-bagi makanan. #LanjutkanMBG",mbg,1,3,Kerja Nyata
417,90630,2018836895787290883,04/02/2026 6:59:00,"MBG bukan penjajahan, tapi Kerja Nyata negara hadir menjamin gizi anak bangsa sekaligus membuka lapangan kerja lokal dari dapur hingga distribusi. #LanjutkanMBG",mbg,1,3,Kerja Nyata
418,90516,2009414475758358696,09/01/2026 6:58:00,Kerja Nyata MBG selalu dipandang jelek oleh kelompok anti pemerintah. Tetapi ini juga bisa menjadi bahan evaluasi agar MBG bisa lebih baik lagi. #LanjutkanMBG,mbg,1,3,Kerja Nyata
419,90510,2009051978773700643,08/01/2026 6:58:00,Kerja Nyata program MBG ini yang benar investasi jangka panjang karena efek nya bukan instan karena yang dicari bukan kenyangnya tetapi perkembangan tubuh dan otaknya. #LanjutkanMBG,mbg,1,3,Kerja Nyata
420,90500,2007964639305564464,05/01/2026 6:57:00,"Mengkritik itu sah asal tujuannya membangun. Menyebut program MBG sebagai salah aliran jelas keliru. Faktanya, Kerja Nyata terus berjalan dan ditingkatkan demi manfaat masyarakat. #LanjutkanMBG",mbg,1,3,Kerja Nyata
421,90084,2030816780726514136,09/03/2026 8:23:00,"Program MBG tidak hanya soal makan bergizi, tapi juga menggerakkan ekonomi lokal. Banyak dapur SPPG menyerap tenaga kerja, membeli bahan dari petani, nelayan, dan UMKM sekitar sehingga roda ekonomi daerah ikut berputar. 
 #LanjutkanMBG",mbg,1,3,menggerakkan ekonomi
422,89975,1975422300297306166,07/10/2025 11:45:00,"Pernyataan boleh aja kurang empatik, tapi jangan lupa: ribuan anak lain makan MBG tiap hari & sehat-sehat aja. Fokus ke perbaikan, bukan baperan 😭 #LanjutkanMBG",https://x.com/murtadhaone1/status/1974763748423508043?s=46,1,3,"Fokus ke perbaikan, bukan baperan"
423,89970,1975409400946041324,07/10/2025 10:54:00,"Pasti bisa dikomunikasikan lebih baik sih, tapi intinya jangan langsung nyalahin programnya — yang perlu diperbaiki tuh pengawasan dan kebiasaan makan di lapangan 🍱 #LanjutkanMBG",https://x.com/murtadhaone1/status/1974763748423508043?s=46,1,3,jangan langsung nyalahin programnya
424,89965,1975440169915547852,07/10/2025 12:56:00,"Kesel boleh, tapi jangan sampe lupa: tanpa MBG, masih banyak anak yang belajar dalam kondisi lapar. Yuk dorong perbaikan, bukan pembubaran. 🍽️ #LanjutkanMBG",https://x.com/murtadhaone1/status/1974763748423508043?s=46,1,3,"Yuk dorong perbaikan, bukan pembubaran"
425,90498,2007964857707253896,05/01/2026 6:58:00,"Jangan hanya melihat angka anggarannya saja. Program MBG mencakup satu negara, wajar jika terlihat besar. Kerja Nyata itu dinilai dari manfaat luas dan tujuan yang jelas, bukan sekadar nominal. #LanjutkanMBG",mbg,1,3,Kerja Nyata
426,90595,2016300015229272286,28/01/2026 6:59:00,"Menjadi guru itu memang seperti panggil jiwa, kepuasan hati tidak bisa dibeli. Sejak dulu memang menjadi sopir gajinya lebih besar dari guru honorer, tidak hanya Kerja Nyata menjadi sopir MBG. #LanjutkanMBG",mbg,1,3,Kerja Nyata
427,90503,2008327271782732254,06/01/2026 6:58:00,"Posting kejadian negatif itu memang penting agar transparan. Tapi menggunakan insiden untuk mendelegitimasi tujuan MBG secara keseluruhan itu tidak adil dan tidak solutif.
 Solusinya jelas: audit, sanksi, perbaikan sistem.
 Itu baru Kerja Nyata, bukan gaduh politik.
 #LanjutkanMBG",mbg,1,3,Kerja Nyata
428,90142,2030594433574633474,08/03/2026 17:40:00,"Kalau ada kasus keracunan ya harus diusut dan ditindak. Tapi jangan sampai itu dijadikan alasan menolak MBG, karena program ini juga bentuk Kerja Nyata buat perbaikan gizi.
 #LanjutkanMBG",mbg,1,3,Kerja Nyata
429,90060,2031374717874221532,10/03/2026 21:20:00,"Tujuan utama MBG sebenarnya sederhana: memastikan anak-anak sekolah mendapat asupan makanan bergizi agar tidak belajar dalam keadaan lapar. Dengan gizi cukup, kesehatan, fokus, dan semangat belajar bisa lebih baik. 
 #LanjutkanMBG",mbg,1,1,#LanjutkanMBG
430,90018,2031994949810655646,12/03/2026 14:25:00,Variasi menu seperti ini bagus supaya siswa tidak bosan dan tetap semangat makan makanan bergizi. Justru ini bukti Kerja Nyata bahwa program MBG terus berupaya kreatif dalam memberikan asupan gizi yang baik bagi anak-anak. #LanjutkanMBG,mbg,1,3,Kerja Nyata
431,89928,1975003207941357771,06/10/2025 8:00:00,"Suka heran sama yg nentang program mulia ini, padahal rakyat membutuhkan banget MBG ini terutama mereka dari kalangan kurang mampu sangat terbantu dgn adanya program mbg ini
#LanjutkanMBG",https://x.com/murtadhaone1/status/1974763748423508043?s=46,1,3,membutuhkan banget MBG
432,89919,1975100975733162473,06/10/2025 14:29:00,"Kritik boleh, asal tetap adil. MBG tuh masih perlu waktu buat menunjukkan hasil maksimalnya, jangan langsung disalahin semua 
#LanjutkanMBG",https://x.com/murtadhaone1/status/1974763748423508043?s=46,1,3,jangan langsung disalahin semua
433,68639,1974811552344912299,05/10/2025 19:18:00,Tenang MBG akan di evaluasi yang berkasus keracunan dan yang aman akan tetap lanjut. #LanjutkanMBG,keracunan mbg,0,,
434,68515,1975611779620483484,08/10/2025 0:18:00,"#LanjutkanMBG bermasalah begini?  Kalau tak keracunan, ada saja MBG yang aneh begini.",keracunan mbg,0,,
435,68483,1975710931310289404,08/10/2025 6:52:00,"Setiap kasus keracunan dijadikan acuan perbaikan sistem, biar MBG makin aman dan higienis untuk anak-anak.
#LanjutkanMBG",keracunan mbg,1,3,Setiap kasus keracunan dijadikan acuan perbaikan sistem
436,68448,1975735732871569855,08/10/2025 8:31:00,"Pemerintah cepat tangap atas Permasalahan keracunan dengan berbagai kebijakan yang di lakukan salah satunya keputusan Presiden tentang tata kelola MBG yang akan menjadi acuan pelaksanaan MBG selanjutnya. 

#LanjutkanMBG

Pagi DOTS Rabu
#태연아_우리의_10년은_너였어
#TimnasDay",keracunan mbg,1,1,"#LanjutkanMBG

Pagi DOTS Rabu
#태연아_우리의_10년은_너였어
#TimnasDay"
437,68447,1975739496995168383,08/10/2025 8:46:00,"Heboh kasus dugaan keracunan MBG
Pemerintah gercep turun tangan bareng BPOM,Kemenkes & BGN buat pastiin setiap dapur MBG aman & bersih

Sekarang audit & sistem pelacakan digital disiapin,biar semua bisa dipantau realtime

#LanjutkanMBG

Pagii TDS 1 Pagrees DOTS Impact #TimnasDay",keracunan mbg,1,1,"#LanjutkanMBG

Pagii TDS 1 Pagrees DOTS Impact #TimnasDay"
438,68430,1975748920857743763,08/10/2025 9:23:00,"Kita semua berduka atas kasus keracunan MBG. Tapi daripada saling menyalahkan, lebih baik kita awasi dan perbaiki bersama agar kejadian serupa tidak terulang lagi. Demi anak-anak Indonesia yang sehat dan kuat.
#LanjutkanMBG",keracunan mbg,1,3,Demi anak-anak Indonesia yang sehat dan kuat
439,68429,1975748994665009287,08/10/2025 9:24:00,"Presiden Prabowo langsung bertindak cepat memanggil pejabat terkait untuk memastikan kasus keracunan MBG ditangani tuntas. Komitmen kuat demi perbaikan dan keselamatan anak-anak bangsa.
#LanjutkanMBG",keracunan mbg,1,3,Komitmen kuat demi perbaikan dan keselamatan anak-anak bangsa
440,68418,1975758950156148742,08/10/2025 10:03:00,"Kasus keracunan tentu jadi perhatian serius, dan pemerintah pun gerak cepat menanganinya 💪
Namun jangan lupakan esensinya, MBG bukan sekadar memberi makan, tapi membangun semangat, konsentrasi, dan prestasi anak² Indonesia 🍱✨
#LanjutkanMBG
_
Pagii #TimnasIndonesia #timnasday",keracunan mbg,1,3,jangan lupakan esensinya
441,68397,1975770694605807923,08/10/2025 10:50:00,"#LanjutkanMBG kawal program MBG, jangan sampai kasus keracunan terulang",keracunan mbg,1,1,#LanjutkanMBG
442,68371,1975785985368858955,08/10/2025 11:51:00,"Gerak cepat atasi keracunan, ciptakan lapangan kerja, hingga membuka akses pangan bergizi bagi jutaan anak bangsa. 💪
MBG adalah strategi besar untuk memastikan Indonesia kuat, sehat, dan mandiri di masa depan. 🇮🇩
#LanjutkanMBG",keracunan mbg,1,3,MBG adalah strategi besar
443,68360,1975791776272425422,08/10/2025 12:14:00,"Jangan hanya lihat isu, lihat juga aksinya.
MBG tingkatkan standar higienitas demi cegah keracunan.
Langkah konkret untuk anak Indonesia yang lebih sehat. 💪
#LanjutkanMBG 

#generasicampus2025 Trade $PTB #TimnasDay Idgitaf Kuyang",keracunan mbg,1,3,"Jangan hanya lihat isu, lihat juga aksinya"
444,68358,1975794548837368087,08/10/2025 12:25:00,"Kritik itu penting, tapi solusi lebih penting. Mari bantu perbaiki, bukan hentikan MBG. Dukung Presiden Prabowo dan Ketua BGN Pak Dadan gerak cepat atasi keracunan MBG.
#LanjutkanMBG",keracunan mbg,1,3,"Kritik itu penting, tapi solusi lebih penting"
445,68352,1975798217364361299,08/10/2025 12:39:00,"Angka keracunan tidak bisa dijadikan dasar untuk menghapus program MBG justru ini tanda bahwa sistem pengawasan dan edukasi gizi harus diperkuat agar manfaatnya semakin terasa luas
#LanjutkanMBG",keracunan mbg,1,3,tidak bisa dijadikan dasar untuk menghapus program MBG
446,68232,1975882927566360648,08/10/2025 18:16:00,"Ya siapa sih yang mau keracunan? Nggak ada yang nyalahin korban lah. MBG tuh program bagus, cuma kalau ada kejadian gini akan jadi pelajaran buat ningkatin lagi, bukan nyari-nyari salah.
#LanjutkanMBG",keracunan mbg,1,3,MBG tuh program bagus
447,68230,1975884548799115447,08/10/2025 18:22:00,"Nggak ada yang mau keracunan, dan nggak ada juga yang nyalahin korban. MBG tetep harus jalan karena niatnya bantu, cuma kudu lebih diperhatiin lagi. 
#LanjutkanMBG",keracunan mbg,1,3,MBG tetep harus jalan
448,68175,1975936314613903739,08/10/2025 21:48:00,"Pemerintah sudah melakukan investigasi terkait isu keracunan MBG dengan langkah cepat dan terbuka memastikan keamanan makanan dan menjaga kepercayaan publik terhadap program ini #LanjutkanMBG 

#TimnasDay PERBAIKAN Menuju KEBAIKAN #GMMTVFANIVALxWilliamEst Trade $U",keracunan mbg,1,1,"#LanjutkanMBG 

#TimnasDay PERBAIKAN Menuju KEBAIKAN #GMMTVFANIVALxWilliamEst Trade $U"
449,68169,1975941977142362231,08/10/2025 22:10:00,"Pemerintah bergerak cepat menelusuri isu keracunan MBG membuktikan bahwa keselamatan anak dan kualitas gizi tetap jadi prioritas utama dalam setiap kebijakan #LanjutkanMBG 

#TimnasDay PERBAIKAN Menuju KEBAIKAN #GMMTVFANIVALxWilliamEst Trade $U",keracunan mbg,1,1,"#LanjutkanMBG 

#TimnasDay PERBAIKAN Menuju KEBAIKAN #GMMTVFANIVALxWilliamEst Trade $U"
450,68098,1976031880970633708,09/10/2025 4:08:00,"Semoga kedepannya perbaikan yang terus dilakukan oleh pemerintah dan pihak terkait bisa menghilangkan keracunan yang terjadi pada program MBG, #LanjutkanMBG agar berjalan sesuai dengan harapan masyarakat Indonesia.",keracunan mbg,1,1,#LanjutkanMBG
451,68055,1976135385039229340,09/10/2025 10:59:00,"Belum ada bukti resmi terkait keracunan mbg, jangan menggiring opini dan menyebarkan berita hoaks

#LanjutkanMBG",keracunan mbg,0,,
452,68029,1976158698457501976,09/10/2025 12:32:00,Sedih itu pasti tapi kita harus terus mensuport MBG agar bisa lebih baik lagi dan tidak ada yang keracunan. #LanjutkanMBG,keracunan mbg,1,3,mensuport MBG
453,67976,1976206593168756934,09/10/2025 15:42:00,"Presiden Prabowo Subianto nilai penambahan Wamenkes akan bantu tugas besar Kemenkes, termasuk masalah dugaan keracunan akibat MBG. Prioritaskan keselamatan dan kesehatan anak-anak.
#LanjutkanMBG",keracunan mbg,1,3,Prioritaskan keselamatan dan kesehatan anak-anak
454,67889,1976302125857775662,09/10/2025 22:01:00,Memang cukup banyak yang keracunan tetapi yang MBG nya bagus dan sesuai standar BGN jauh lebih banyak. #LanjutkanMBG,keracunan mbg,1,3,MBG nya bagus
455,65814,1977673986202017949,13/10/2025 16:53:00,"Kalau ada laporan keracunan, jangan buru-buru menyalahkan.
MBG Watch dorong investigasi terbuka biar jelas akar masalahnya dan bisa diperbaiki cepat. 🕵️‍♂️ #LanjutkanMBG",keracunan mbg,1,3,MBG Watch dorong investigasi terbuka
456,65812,1977675052524220821,13/10/2025 16:57:00,"Kasus dugaan keracunan harus diusut transparan, tapi jangan sampai menutup manfaat besar MBG.
Evaluasi perlu, tapi program baik harus terus jalan.
#LanjutkanMBG",keracunan mbg,1,3,manfaat besar MBG
457,65802,1977683736587350118,13/10/2025 17:32:00,"Kalau ada laporan keracunan, jangan buru-buru menyalahkan.
MBG Watch dorong investigasi terbuka biar jelas akar masalahnya dan bisa diperbaiki cepat. #LanjutkanMBG",keracunan mbg,1,3,MBG Watch dorong investigasi terbuka
458,65785,1977712716228841558,13/10/2025 19:27:00,Ayo segera ditindak tegas. Diusut kenapa Samapi keracunan. MBG program bagus harapan rakyat kecil #LanjutkanMBG,keracunan mbg,1,3,MBG program bagus
459,65783,1977712856364666929,13/10/2025 19:27:00,"✨ Salut buat tim MBG yang langsung turun tangan setelah ada isu keracunan.
Semua proses diperiksa ulang, standar keamanan diperkuat.
Dari masalah jadi pelajaran 💪
#LanjutkanMBG",keracunan mbg,1,4,✨💪
460,65676,1977937399348183170,14/10/2025 10:19:00,"Rapid test dapat dilakukan untuk mendeteksi keberadaan bakteri dalam makanan MBG
Tes ini membantu memastikan keamanan pangan dan mencegah risiko keracunan makanan pada anak-anak.

#LanjutkanMBG",keracunan mbg,0,,
461,65673,1977940514860347557,14/10/2025 10:32:00,"Prihatin banget 😟 Puluhan siswa keracunan gara-gara MBG, tapi program tetap penting asal aman. Semoga dapur MBG segera standar higienis ya!
#LanjutkanMBG",keracunan mbg,1,3,program tetap penting
462,65667,1977963577341583841,14/10/2025 12:04:00,"Untuk mencegah keracunan MBG, BGN menurunkan sebanyak 10 ribu penjamah pangan pada tanggal 11-12 Oktober 2025. 
Penjamah pangan adalah individu yg secara langsung menangani makanan mulai dari persiapan, pengolahan hingga penyajiannya.

#LanjutkanMBG

Pesantren #BOIKOTTRANS7 Guru",keracunan mbg,0,,
463,65659,1977981708449534011,14/10/2025 13:16:00,Pemerintah dan BGN terus fokus untuk melakukan perbaikan yang menyeluruh dalam pelaksanaan program MBG agar #LanjutkanMBG terhindar dari keracunan dan persoalan lainnya.,keracunan mbg,1,3,melakukan perbaikan
464,65590,1978070579593789446,14/10/2025 19:09:00,"Bukan cuma chef, tapi guardian of health 😎🍱
Sebanyak 10 ribu penjamah pangan dilatih sama BGN biar makanan dari dapur MBG makin aman, bersih, dan bebas dari risiko keracunan.
 
#LanjutkanMBG 

HUANG RENJUN THANK YOU Family Office Feodalisme Guru PBNU",keracunan mbg,1,1,"#LanjutkanMBG 

HUANG RENJUN THANK YOU Family Office Feodalisme Guru PBNU"
465,65522,1978143294925238323,14/10/2025 23:58:00,"Cegah keracunan MBG! 10 ribu penjamah pangan dilatih BGN, 11-12 Okt 2025. Pastikan makanan bergizi gratis aman & higienis. Kesehatan masyarakat prioritas👍
#LanjutkanMBG

#sstvi #srchafreen #BORSA #السعوديه_العراق #كاريزما74 #nadiedicenada",keracunan mbg,1,1,"#LanjutkanMBG

#sstvi #srchafreen #BORSA #السعوديه_العراق #كاريزما74 #nadiedicenada"
466,65494,1978232685228126687,15/10/2025 5:53:00,"Keracunan makanan dan permasalahan lainnya yang timbul dalam pelaksanaan program MBG, dari pemerintah dan BGN untuk dilakukan perbaikan dan pengawasan yang menyeluruh.
Kedepannya #LanjutkanMBG demi kebahagiaan anak-anak dan manfaatnya bagi masyarakat Indonesia.",keracunan mbg,1,3,kebahagiaan anak-anak
467,65491,1978233947738804276,15/10/2025 5:58:00,"Persoalan keracunan makanan dan yang lainnya yang terjadi dalam pelaksanaan MBG menjadi fokus pemerintah dan BGN untuk terus dilakukan perbaikan yang menyeluruh.
#LanjutkanMBG demi manfaat dan kebahagiaan anak-anak Indonesia.",keracunan mbg,1,3,kebahagiaan anak-anak Indonesia
468,65466,1978272027883565419,15/10/2025 8:29:00,"Tetap #LanjutkanMBG 
KLB kemarin akibat keracunan MBG itu bukan krn salah dari Programnya.. 

Dan smua Kasusnya sudah ditangani, dievaluasi dan di audit investigasi. 

Bercontoh dg kasus yg udah udah kok terusss?? 

Panas PBNU Duwet Na PD Guru Merokok Murid",keracunan mbg,0,,
469,65450,1978297792775766070,15/10/2025 10:12:00,"Makanan yang sudah lewat waktu konsumsi adalah penyebab kacunan MBG di Bima. Keracunan dan persoalan lainnya menjadi fokus perbaikan oleh BGN dan pemerintah, agar kedepannya #LanjutkanMBG bisa  memberikan manfaat yang lebih besar bagi masyarakat dan anak anak Indonesia.",keracunan mbg,1,3,manfaat yang lebih besar
470,65447,1978298989750505618,15/10/2025 10:16:00,Kita harus pahami tentang kronologis keracunan MBG di Bima. Pemerintah dan BGN terus melakukan langkah perbaikan dan pengawasan yg menyeluruh agar #LanjutkanMBG benar benar berjalan sesuai tujuannya serta tak ada lagi dampak yg merugikan anak anak dan masyarakat.,keracunan mbg,1,3,perbaikan dan pengawasan
471,65313,1978413897578070050,15/10/2025 17:53:00,"Keracunan bukan alasan untuk berhenti, tapi panggilan untuk berbenah.
MBG tetap dibutuhkan demi gizi anak bangsa.
#LanjutkanMBG",keracunan mbg,1,3,Keracunan bukan alasan untuk berhenti
472,65309,1978419108862402980,15/10/2025 18:14:00,"Tidak benar ini, nyatanya kasus keracunan mulai berkurang dan menu MBG terus membaik. #LanjutkanMBG",keracunan mbg,1,3,menu MBG terus membaik
473,65249,1978521718642659331,16/10/2025 1:01:00,"Selalu ada cerita di tiap porsi MBG. Tapi, kita tidak suka berita yang cuma angkat kasus keracunan. Mbok ya yang positifnya juga diangkat, tetap dukung program Baik Presiden 
#LanjutkanMBG

#BOIKOTTRANSTV #BOIKOTTRANS7 #helevier #HEESEUNG #heeseungday #paofc",keracunan mbg,1,1,"#LanjutkanMBG

#BOIKOTTRANSTV #BOIKOTTRANS7 #helevier #HEESEUNG #heeseungday #paofc"
474,64468,1976461849710481913,10/10/2025 8:36:00,"Penambahan Wamenkes (Wakil Menteri Kesehatan) adalah respons langsung terhadap masalah tata kelola MBG, terutama setelah insiden keracunan mkanan yg mengakibatkan sejumlah siswa terdampak. 
#LanjutkanMBG
. 
#AlwaysWithHUENINGKAI 10 MENIT UNTUK SELAMANYA Pemain HARI INI",keracunan mbg,1,1,"#LanjutkanMBG
. 
#AlwaysWithHUENINGKAI 10 MENIT UNTUK SELAMANYA Pemain HARI INI"
475,64465,1976463735196881004,10/10/2025 8:44:00,"Wakil Ketua BGN Nanik ancam tutup dapur MBG yg melanggar SOP yg diterapkan BGN

Nanik Prihatin dgn anak anak yg keracunan MBG akibat kelalaian dapur MBG
BGN bekerja keras perbaiki sistem MBG bersama @KemenkesRI @BPOM_RI

#LanjutkanMBG

#viral #sstvi #DOMIIA",keracunan mbg,1,2,@KemenkesRI @BPOM_RI
476,64463,1976465271826284597,10/10/2025 8:50:00,"MBG merupakan program yang dibutuhkan masyarakat, terutama bagi para siswa demi meningkatkan gizi mereka. Pemerintah akan terus melakukan evaluasi dan perbaikan setelah maraknya kasus keracunan yang menimpa banyak siswa.
#LanjutkanMBG

#GalaxyCreatorLand Yakob #حرق_ون_بيس",keracunan mbg,1,3,MBG merupakan program yang dibutuhkan masyarakat
477,64457,1976475806642958444,10/10/2025 9:32:00,"Mantep bener, Presiden Prabowo langsung bertindak cepat. Beliau memerintahkan Kepala BGN untuk konsolidasi dan pastikan masalah keracunan MBG segera teratasi. Langkah tegas demi anak² Indonesia 💪🇮🇩
#LanjutkanMBG

__
Jumat pagiii pagii 10 menit untuk selamanya #viral #ドジャース",keracunan mbg,1,1,"#LanjutkanMBG

__
Jumat pagiii pagii 10 menit untuk selamanya #viral #ドジャース"
478,64425,1976515535593730249,10/10/2025 12:10:00,"Fakta di lapangan: keracunan yang heboh itu ternyata karena kelalaian SPPG, bukan dari bahan MBG. Menu MBG-nya sendiri aman dan udah sesuai standar kesehatan.
#LanjutkanMBG",keracunan mbg,1,3,Menu MBG-nya sendiri aman
479,64350,1976608905963946101,10/10/2025 18:21:00,Keracunan MBG ini tidak diinginkan oleh siapun dan pemerintah langsung evaluasi dapur yang bermasalah. #LanjutkanMBG,keracunan mbg,1,3,Keracunan MBG ini tidak diinginkan oleh siapun
480,64315,1976650478533628360,10/10/2025 21:06:00,"Titah Prabowo ke Kepala BGN: Gerak cepat atasi keracunan MBG! Bapak Presiden menginstruksikan konsolidasi dengan seluruh SPPG & wilayah Indonesia agar masalah yang timbul belakangan dapat segera diatasi.
#LanjutkanMBG

#viral #TREASURE Kenny Autin Amanda Manopo Trade $SU Jumat",keracunan mbg,1,1,"#LanjutkanMBG

#viral #TREASURE Kenny Autin Amanda Manopo Trade $SU Jumat"
481,64079,1977162301187805472,12/10/2025 7:00:00,"MBG bukan sekadar program makan gratis, tapi investasi gizi untuk masa depan anak2 Indonesia. Mari kita dukung dan awasi bersama, hubungi hotline dibawah ini kalau ada dugaan keracunan dll ya guys.
#LanjutkanMBG

Minggu Wasit Verdonk #PatrickOut  Blunder Shin Tae Yong Dean James",keracunan mbg,1,3,investasi gizi untuk masa depan
482,64048,1977235525041111284,12/10/2025 11:50:00,"Guys, jangan langsung nuduh dapur MBG kalo ada kasus keracunan! Bisa jadi masalahnya dari distribusi atau kebersihan sekolah juga. Jadi, tunggu hasil pemeriksaan dulu yaaa. Jangan lupa dukung #LanjutkanMBG biar anak-anak tetep dapet makanan bergizi gratis.

#SB19 Iraq Piala Dunia",keracunan mbg,1,3,Jangan lupa dukung #LanjutkanMB
483,64026,1977277039209332985,12/10/2025 14:35:00,"MBG bisa jadi program yang sangat bermanfaat dengan perbaikan serius dalam pengawasannya. Kasus keracunan yang terjadi bisa jadi pelajaran untuk membuat sistem yang lebih baik dan aman dari sebelumnya. Bersama kita dukung perbaikan ini✊
#LanjutkanMBG",keracunan mbg,1,3,Bersama kita dukung perbaikan ini
484,63777,1978855599308677344,16/10/2025 23:08:00,"Keracunan? 😱 Pak Prabowo upgrade SOP MBG! 💪 Ketat👮‍♀️ Waduh, baru kali ini SOP diaudit sampai ke bumbu dapur! 🤣 Bukan drama politik, tapi latihan disiplin biar gak ada yang keracunan lagi. 😉 #LanjutkanMBG 

Kamis Jule Daehoon Tasya Farasya Kamis #LoveYourW SMAN 1 CIMARGA",keracunan mbg,1,4,😱💪👮‍♀️🤣😉
485,63771,1978866608467558565,16/10/2025 23:52:00,"Sebagian masyarakat menuntut MBG dihentikan buntut kasus keracunan. Bagaimana nasib para pekerja di dapur SPPG, para petani, peternak, dan pelaku UMKM? Khawatir boleh saja, tapi ingat program MBG ini banyak membawa dampak positif bagi masyarakat.
#LanjutkanMBG

Jule Kamis Daehoon",keracunan mbg,1,3,MBG ini banyak membawa dampak positif
486,63396,1979702606915412413,19/10/2025 7:14:00,"Presiden Prabowo menaruh perhatian penuh pada keberhasilan Program MBG. Beliau tak ingin ada satu pun kasus keracunan terjadi lagi,  pengawasan pun diperketat demi keamanan dan kepercayaan rakyat. 💪
#MBG #MakanBergiziGratis #LanjutkanMBG Pagiii ☕☕",keracunan mbg,1,3,keberhasilan Program MBG
487,63390,1979712364288286996,19/10/2025 7:53:00,"Program MBG (Makan Bergizi Gratis) masih dalam proses penyempurnaan.
Prabowo gak nutup mata ada ribuan anak yang sempat alami keracunan 😔
Tapi beliau tegas: jangan sampai isu ini dijadiin alasan buat stop programnya.
#MBG #LanjutkanMBG #MBGJalanTerus 

#2025MAMAVOTE #SEVENTEEN",keracunan mbg,1,3,jangan sampai isu ini dijadiin alasan buat stop programnya
488,63364,1979736277655364001,19/10/2025 9:28:00,"Gerakan Cegah Lapar  melalui MBG diterpa kabar buruk. kalau sudah dgn berita keracunan. Namun, selalu sja berita tidak berimbang berimbas. Padahal menunggu investigasi dan fakta segera terungkap. Jgn buru²

#LanjutkanMBG 

#ENHYPEN Minggu #LYKNDuskAndDawnConcertD1 Timothy Banser",keracunan mbg,1,1,"#LanjutkanMBG 

#ENHYPEN Minggu #LYKNDuskAndDawnConcertD1 Timothy Banser"
489,61880,1973979530886074612,03/10/2025 12:12:00,"MBG sudah terbukti bermanfaat. Kalau ada masalah keracunan, itu artinya ada pelaksanaan yang salah. Vendor nakal harus dicoret, bukan programnya yang dihentikan. #LanjutkanMBG",keracunan mbg,1,3,MBG sudah terbukti bermanfaat
490,61630,1974061618914078935,03/10/2025 17:39:00,"SPPG Polri menerapkan standar sanitasi ketat untuk menjaga kualitas makanan bergizi gratis (MBG) agar aman dikonsumsi siswa. Dengan langkah ini, diharapkan tidak ada lagi kasus keracunan makanan di lingkungan pendidikan.
#LanjutkanMBG 

#GeniusMusicianBangChan #UNIQLOJEANSxNANI",keracunan mbg,1,1,"#LanjutkanMBG 

#GeniusMusicianBangChan #UNIQLOJEANSxNANI"
491,61623,1974063995431891181,03/10/2025 17:48:00,"kalo ada kasus kayak keracunan MBG kemarin jangan keburu nyalahin programnya 🤝 sekarang udah ada jaminan biaya perawatan ditanggung asuransi plus backup dari BGN 🙌 ini bukti kalo program makan bergizi gratis bener2 dipikirin matang2 #LanjutkanMBG 

Smartfren Emil STEM",keracunan mbg,1,3,jangan keburu nyalahin programnya
492,61042,1972291943305797844,28/09/2025 20:26:00,"Stop keracunan nya bukan MBG nya
Stop korupsinya bukan MBG nya

Kita sambut Indonesia emas 2045 dengan meningkatkan gizi dan kecerdasan anak bamgsa

#MBG
#MakananBergiziGratis
#manajemendapurMBG
#StopKorupsi
#StopKeracunanMBG
#LanjutkanMBG",keracunan mbg,1,1,"#MBG
#MakananBergiziGratis
#manajemendapurMBG
#StopKorupsi
#StopKeracunanMBG
#LanjutkanMBG"
493,60687,1973313936931033115,01/10/2025 16:07:00,"Program besar pasti ada tantangan & kendala
Yang penting ada evaluasi cepat & langkah perbaikan nyata
Jangan biarkan hoaks nutupin manfaat MBG
#LanjutkanMBG

Pancasila Trade $AVNT light for moqeel ita 1 Oktober CHAOTER OF DUNK #DiorSS26 TVRI",keracunan mbg,1,3,manfaat MBG
494,60685,1973315863802790007,01/10/2025 16:15:00,"Progam MBG memiliki banyak manfaat dan dampak baik diluar persoalan yang ditimbulkannya, #LanjutkanMBG dengan penyempurnaan saya rasa terus dilakukan oleh pemerintah dan pihak terkait",keracunan mbg,1,3,MBG memiliki banyak manfaat
495,60683,1973323900303061418,01/10/2025 16:47:00,"Program MBG dengan berbagai kekurangan dan kelebihannya tentu harus menjadi perhatian, dengan besarnya harapan anak bangsa dan manfaat #LanjutkanMBG dengan penyempurnaan dan pengawasan yg lebih komprehensif adalah hal yang bijaksana",keracunan mbg,1,3,besarnya harapan anak bangsa
496,60662,1973431804788088949,01/10/2025 23:56:00,jangan tutup mata manfaat mbg sudah terasa dari ujung desa sampai kota satu dua kasus harusnya jadi perbaikan bukan alasan berhenti #LanjutkanMBG,keracunan mbg,1,3,bukan alasan berhenti
497,60640,1973606874437308551,02/10/2025 11:32:00,"Dampak dampak seperti ini harus menjadi perhatian besar pemerintah dan pihak terkait MBG, menghentikan bukan langkah bijak melihat besarnya manfaat dan antusiasme anak anak penerima manfaat. #LanjutkanMBG dengan pernyempurnaan mungkin lebih baik.",keracunan mbg,1,3,antusiasme anak anak
498,60474,1974667886477312238,05/10/2025 9:48:00,Bagi anda mungkin tidak manfaat tetapi MBG sangat dinanti bagi yang jauh di plosok. #LanjutkanMBG,keracunan mbg,0,,
499,60463,1974804583785587009,05/10/2025 18:51:00,"MBG emang belum sempurna, tapi udah kasih manfaat nyata. Tinggal diperbaiki aja bagian yang kurang biar makin maksimal.
#LanjutkanMBG",keracunan mbg,1,3,manfaat nyata
500,58540,1977782598295564669,14/10/2025 0:04:00,"Buat sebagian orang mungkin ini sepele, tapi buat yang lain MBG itu harapan, dimana ada manfaat yang mereka butuhkan yg tentunya tidak setiap hari ortunya mampu berikan khususnya anak2 di wilayah 3T. Jangan sampe harapan itu pupus🙏 #LanjutkanMBG

#JisforJames #EXPO2025 #Gaza",keracunan mbg,0,,